Name	Address	UUID
	Random C0:8B:07:15:6F:7E	FA7EFECF-3CCF-5C12-C0DF-833E856A42C0
	Random C0:30:BC:57:0B:C6	C46708F6-FA72-50F3-EA8A-7E82F370F783
	Random D6:36:25:99:89:44	0C88D566-8269-61D5-8586-90FB15AE0688
	Random C0:EB:4D:A9:E1:51	B2CED424-2B7A-02A9-27FD-50338BDDA6C1
	Random CF:7B:85:C6:42:C2	C3A11B0F-394B-CE43-27A5-2E9790024D1F
	Random CF:2D:B1:16:68:A8	3F5A63FA-221D-0819-0B2E-B91AB111BACF
	Random E4:B4:77:87:88:32	5162BA18-1258-39B7-C1FC-6E1E6DD89C5A
	Random C9:2F:8B:57:A9:C9	C5F4EC70-7989-3C6A-E37D-340CB981C544
	Random FB:9F:4A:02:72:6F	62E3AF34-26D8-EA41-8E50-298227ACD33F
	Random CD:71:4B:4D:64:02	72E926D0-B961-5DB2-59A1-6376B3EC5D3F
	Random DC:6E:AD:B5:6C:87	CC05858E-34FE-9EE5-A910-0D1775CC5C57
	Random D4:FE:5A:29:4D:3E	F9A160CC-9A17-A4E0-B7DC-6D9090634E15
	Random CF:8A:0E:1A:13:48	73830BC3-3A35-0E25-8A9C-9F3AF30A4919
	Random F4:DB:09:E7:40:0A	D2FA2579-9675-BDF4-C7AC-62B1C9352742
	Random CE:60:77:47:4B:8D	DC56A84A-C65B-0886-CC1E-6D9F739F3D33
	Random C7:C3:F6:8D:60:EF	BD0E4CE9-3B6A-7F8C-4900-4EE9BD089898
	Random C9:5F:B8:5A:64:3D	06B973D2-4FED-292C-808D-5094F84E7E97
	Random F4:72:C4:A7:EC:1D	0B50582C-2DC9-4EC4-A5A5-C51D8822331C
	Random DE:2B:1C:EA:BB:0F	7505BFE9-7409-D9FD-7A81-FEF337540FE3
	Random D1:DD:B6:CD:98:7D	05912A8B-111D-9A76-7FEA-4B125C4708A3
	Random F4:11:5D:B0:E6:B1	13CC622F-73FF-0479-2943-64327F9298C4
	Random C4:70:57:4E:B8:6B	33A70643-4EAD-E35D-2559-D41F61A01290
	Random C6:A5:2E:D6:49:87	3A0FA39F-E97E-2B9A-7E88-0A17819C4B58
	Random D4:15:F3:FE:6A:F2	3FEA2186-6D59-A367-8DC3-175CB7DBB626
	Random F4:C7:78:F3:CD:88	4BD230CD-E046-9675-4BD9-966598C7669C
	Random D4:69:47:74:89:F2	60021B35-56EF-D35F-5D62-B82C7305ED81
	Random DB:54:CE:A2:23:70	6E0EEF1C-A271-CECA-F9C2-AD68FB82AD91
	Random D7:34:8B:FA:07:BD	B0675D24-DC88-7B0B-F15D-8161AEA6EACB
	Random F5:CE:9C:AF:E8:C3	C81FA104-3A26-6927-98BE-5306883D653E
	Random F1:0D:3B:35:BE:E6	D3222425-13B1-262E-207D-9488D31DFC49
	Random E7:65:7D:FB:89:86	001C6703-DA8F-FE74-1EF8-DBDF4DF73A93
	Random FF:46:D7:FA:30:FD	00233637-E93E-4E43-6A95-71FBC8E63A86
	Random E9:7B:E3:20:63:59	06033F0C-E7B4-A45A-D754-575F9F22E5FC
	Random E4:BE:C6:1B:A1:65	06F1C24E-215F-86E3-1138-B6222A60951D
	Random F0:69:F7:46:45:D5	1395D929-74F5-8AC5-E49F-6676FAAAD60A
	Random DA:1B:3F:89:5E:C5	24F9FBCD-C985-7A4E-8F57-057EEB9F99C6
	Random E1:39:27:F0:2E:16	278AB700-B9AF-C8AD-635B-CEB1603B6AD6
	Random D5:26:0D:C9:9E:10	27A38450-AB0F-952D-7083-BD9C7895B719
	Random E6:D1:69:59:37:13	2D5BE8DA-D98A-FC38-D68A-FA2BBA28624C
	Random C4:5A:00:3D:BE:6A	2D91701B-FA64-FA0A-E701-87739BD98B21
	Random F5:D0:97:E1:1C:55	36CA4811-8BD5-9365-5670-CE09BBED98AF
	Random EC:A6:06:0C:72:77	3B88C492-E57D-B99E-2B76-681B1BD49674
	Random E4:0A:E0:02:A3:BF	3ECCD599-DF99-5C9A-5C8E-F4393DCBA7F4
	Random EA:5B:0A:79:33:6E	3F173BCC-895B-540D-3C45-DF4C995A11EF
	Random CC:29:E0:55:5F:B2	4082F6F7-6D96-9AB8-6EAA-50E64DADD0DF
	Random F4:E2:CE:97:80:AA	44571E5E-44BF-89CA-D0DA-003BB0B592A1
	Random EF:54:D1:CA:86:11	4D4DDD29-0C34-D6F9-1452-89C883C75869
	Random EC:86:79:D7:7B:81	529CC208-4356-143F-46CA-261F114D3848
	Random CC:D3:D9:56:43:C3	5A6D8C84-8EB5-20A4-DBAC-9020C8804F06
	Random C4:04:87:80:2E:25	687D7597-1980-C001-1A53-D771EAF16A78
	Random DA:A1:44:96:B0:4D	69003265-775F-34A8-F63E-7234036DA5AE
	Random EF:59:56:91:E2:66	693CA9C8-D96D-C414-61D0-26159A8868E8
	Random C8:1A:C2:D1:E3:6A	6A788D8A-6DCC-8D06-84AF-0AFBDE46A645
	Random F7:17:4E:EB:85:91	704D3143-557B-943E-B522-6C1373778452
	Random DE:EC:E4:D2:69:3A	712C9A2F-2161-7707-7284-F238D8263691
	Random D3:0A:58:4C:9C:3D	71F17987-BCF6-EC0F-E0C8-30BC54B6F36B
	Random E4:5D:70:C0:B4:66	7D3ECBD3-62E6-39F9-C617-42F5A6E77D09
	Random EA:D7:92:57:5B:4E	7DB56B4D-1C58-552B-2E43-0FB67B0921ED
	Random F6:52:3F:43:88:19	7E5C8BE1-06B8-0B19-22FA-F05F384BB018
	Random DF:35:A3:5B:47:41	83D843D4-361F-3340-A6D2-11DA3E4EA717
	Random C5:38:BA:29:86:A8	84B8EE41-C64C-FC45-A9FE-110770EED397
	Random DB:90:69:04:4E:9C	8BF273EE-C670-FBBD-C131-14EC549179B2
	Random CE:AD:5E:BE:F4:BE	8F241F1E-26BF-209E-1D19-E7048A0AD24E
	Random FA:C1:AB:1E:6F:CF	91F03583-5A9F-CF37-0A0F-43D727CFEB46
	Random E6:FC:F3:7F:62:AC	92071256-3964-5DBD-E52F-25BFC7D51B84
	Random EB:B9:BB:9F:44:16	973C5A20-E7DD-05E8-B2D1-FE87F4F3DEB4
	Random E0:06:EF:A6:1A:4E	9D32555D-DFC8-3967-A7B8-99874519260D
	Random F5:BA:4C:B0:07:81	9E72B553-634B-C88C-35C4-055FB51FECBF
	Random F3:39:93:EC:B8:61	9F8E4DD9-3AAB-606B-3A71-DCDE9E164A48
	Random C9:6B:D4:8B:9A:5B	A26F7CF1-5411-8475-B96A-993402A51864
	Random EC:D2:59:C5:69:9D	A28DED50-A54A-F39F-6BAE-A6B41F97D947
	Random E7:CD:09:BB:D3:61	A9B494AC-CD78-A9FA-3145-4EBDA6B3D464
	Random D8:07:12:4F:7D:5B	AC779C76-F997-2C07-AD3E-5AFE8EC25AB1
	Random E6:C7:23:68:95:08	AD5F4227-ABFF-D4C3-9DAE-47EE488FB54F
	Random EE:21:11:87:E5:2A	B7257933-905A-6782-FF8C-F211866A256A
	Random FA:30:50:8A:34:1D	BFA55216-C1B6-294B-5675-54616C8F09F0
	Random D6:A8:84:0E:A5:AA	C089D764-2194-8CA1-46BF-A0CB4BCE2462
	Random D4:BA:8A:C7:1E:40	C1322C97-5E00-D66F-BF66-60FF171029A1
	Random E2:7D:C2:E7:E3:B6	C45C690E-C33F-89D0-C180-93D92D7ECFDE
	Random D8:A3:D2:F1:E3:7B	C946F7FD-0F43-1D52-CC97-FA544BF87110
	Random F0:35:40:86:34:B9	CC0BB65E-4636-E7B8-37E6-A39A3F170F09
	Random E6:92:63:3E:C1:1E	CF219752-A798-C364-BD3C-CF36E7AD5291
	Random F9:BC:86:EE:49:98	E51F2447-CF8C-0539-635C-550429C966B8
	Random D6:43:D4:43:71:66	F568DE63-6B9B-5200-6B4C-DDB7B9F5D88E
	Random C7:A8:F5:B6:4F:74	F859C1A8-EBE5-32D0-E2F5-79D65756C6E6
	Random CC:A2:1A:0C:D1:1F	FD6A507F-3615-9225-F145-16863252AF0A
	Random C5:8B:4A:90:68:99	02F5DE17-9309-57A4-5490-760258D597AD
	Random FA:1D:42:45:60:9A	0B8A2452-9564-7250-30B8-33F0C872F2CD
	Random C2:5E:BD:0C:1C:53	0E64B763-BA37-2BCA-7A54-E8205636E0F7
	Random FE:BE:02:EF:DD:3F	1787B5A3-49E9-4A16-45B9-E77C0428C8C3
	Random F7:31:CF:19:BC:A9	1CD4E6A6-D39F-3B9C-9839-BE644F944B8C
	Random F8:73:80:B2:BF:24	21A56376-D455-18C3-29C8-F529AEAAE2B5
	Random D9:53:9B:4A:95:A3	2640A4B3-7591-AB89-2EB3-55A980D4290D
	Random EA:C6:94:07:52:B3	48FC13BA-95EC-B1C6-FDBE-A2FADF1B81B1
	Random EF:1D:5C:FF:12:1D	50FC6C14-16E0-7FC3-9180-B363DCA524EE
	Random DA:B0:0B:B6:62:FF	56B44E58-8F1E-0AFE-605A-76AAB6F527E1
	Random EA:58:B2:2D:E5:3C	66919FF4-FD89-A7B2-7B31-86D4B97D4E63
	Random C6:1F:69:2D:B5:83	727E7377-D6BD-2E8E-9E20-CA5F06FCF3A3
	Random D9:A3:56:B5:03:DF	72D41D70-8002-0AD1-F504-92E86C71C018
	Random C6:D3:62:37:10:12	780162B6-BC23-21A1-2784-4D45FCBF9CAB
	Random D1:7A:D2:04:39:46	83BCF509-B2CE-26B0-578A-DAB834D3451D
	Random F5:FB:6A:91:7C:0F	8845A262-53D8-77ED-DE7D-0FA58332941F
	Random FC:F2:5F:D8:32:64	90710F78-043C-AE57-FDD9-2D9B98AB2F10
	Random FD:01:A9:CD:24:39	916A6853-DC25-B948-D423-EFFB9C680426
	Random E0:D6:74:B6:55:B2	9354016B-44DA-3BE4-E48D-96F099555DEE
	Random F8:CD:59:F6:34:04	9FD6EBC8-1C7A-58BC-B3AD-CF39116C6D20
	Random D8:5F:90:A5:E5:AC	A455AFF9-8297-B228-7C09-DABAC547C789
	Random D5:A5:0D:4B:FC:F0	A6F236BE-46C5-EEA0-D847-CDB69DA4ABDA
	Random EA:22:9B:4B:64:2B	A86160A8-D432-499E-E283-D426B4D1CF60
	Random D1:BC:31:7D:9B:6F	B051402D-6D5B-E709-CDC7-000DD8470B50
	Random D1:85:8F:E6:A9:2E	C035642F-C168-D010-0797-F4A97C1ABEC7
	Random E1:87:AB:61:CB:58	C6137D8B-D7D2-FA87-8D5B-49E2381F8BDB
	Random ED:59:0B:DA:DF:52	CBAB36DB-978E-FA59-D13F-2BA6AE89989E
	Random CE:AC:F3:2D:08:CB	D3231E42-949D-DD20-72B6-BDDCE0AA221C
	Random F4:4A:42:BD:EF:FE	D9EDD5A5-B919-883D-620E-FE67804164C2
	Random DB:6A:5C:29:88:70	E167D3B6-A3D7-A05D-5BFF-6914E636CB3C
	Random C1:D4:14:04:D9:60	E81BBB8F-EB15-CBFD-9BA9-43D208DB6ED5
	Random FD:4C:50:A3:9A:72	F6ADE19B-6C43-A000-4501-0720AADF8249
	Random DD:0C:2F:CA:A6:87	0B61FF51-D27D-B37C-DBBD-12C633FE7656
	Random CC:BA:15:C0:1A:EB	16908C6A-0C9C-5350-4B39-5ECA58D6F252
	Random CF:11:B2:01:49:65	1EA363C6-DB01-A9A0-67AB-D1C8E9949841
	Random EA:44:AB:F4:5C:84	2A053D2F-289A-D461-5414-193B60945450
	Random D7:98:94:56:BE:4D	3B1EAD10-81F3-09FE-9CA0-12817EB9ABF4
	Random DB:16:B3:52:13:A1	62C830BE-2889-D871-DDC2-E438F9F596CB
	Random E6:BC:67:87:BF:80	7C7F8B0B-01F6-8554-451E-279FB1827125
	Random E1:61:E4:F2:D7:CA	809DD4AD-87BC-0DC3-A43E-CE4130D0A225
	Random D7:9D:67:16:CC:F8	BC544A11-8B96-A684-3C15-5363E9C698D5
	Random FD:20:AD:A2:3E:43	D4C0AE3C-4C2C-F0AE-70FF-D622DA7033F1
	Random D9:33:F4:3A:BB:83	1146E491-4D92-F049-ACA7-D2402A745593
	Random D0:67:B2:96:01:C3	3C26F5D8-1BAF-76FA-7B4F-59417F7A2257
	Random C6:F6:2A:3F:61:6B	5E4B39B8-8484-10FF-8D58-85BDD0C8C941
	Random CB:0B:B6:79:E4:DD	6DD55399-3F2A-1D2C-01B4-44B550D288C9
	Random F4:D5:69:00:9B:30	B5791A0B-B4CA-C091-CDFF-AF53CDD19C92
	Random FF:71:3B:4B:7D:94	D0C01ECD-DAFA-7053-655A-5DCAFBCC0E44
	Random FC:8F:29:22:2F:09	D4783650-51DD-36E3-F8DA-2B80E10818A7
	Random D6:11:F1:BA:60:30	FA804CBB-2834-17AB-55DD-50DCE7F9A949
	Random D5:67:C6:9C:89:01	1774179B-79E9-4584-B78C-3A99F03491B5
	Random D5:42:C0:FA:97:FD	1C0089D4-A2E5-5019-C61D-B161BC104991
	Random F6:DC:64:D9:92:03	CD4E426C-8589-105A-7588-E203BBFB3635
	Random DE:06:7E:49:B2:8E	5FA1A951-74B0-D0C9-8B13-3E02CEF9FDBB
	Random D9:EF:2D:02:34:D4	13682E9F-4CA6-B631-BCBF-0574CD35F950
	Random FD:35:3D:67:BA:92	3D9DADB8-D91C-1398-E8A2-92480E5DF932
	Random D3:F4:1A:FA:F5:EC	4D17A11B-6699-F446-E5E1-625B24261A53
	Random EE:CD:B5:35:AB:52	5BCEC965-B27D-C808-694B-487F979F8D7A
	Random FB:A6:AD:12:75:F3	7AEA006C-6338-A66F-7CB7-BD4F4571DD69
	Random D2:C2:19:BF:82:DF	7C525E2D-E87B-E890-9C28-E6E6A5A0017F
	Random C4:8F:97:1F:C7:E0	88DA1E23-D96D-93E8-FF31-FBB5814A9A90
	Random EC:8F:5D:6F:29:F2	8AF1FA28-47C9-190F-EED7-A26063790364
	Random F3:C5:D5:A9:DB:BE	A01A4203-7392-2913-6F40-C831164C21F3
	Random F5:93:03:5B:01:09	A30E776C-4293-438B-827F-8392F3982292
	Random DF:7A:CB:BE:10:FA	AFC1594C-02CB-7577-750F-277F11F3A10D
	Random E4:70:D5:2F:16:52	B656B871-2A29-B5A7-75F3-7BFD120150D9
	Random E9:0E:3D:08:10:35	B657C44E-3909-E85A-8C4A-4D52230C17B4
	Random E3:3C:0B:81:8E:9C	C4BADFCC-82E6-4CE9-D0F9-DDB7A80BD96B
	Random C3:39:92:25:D8:00	D1532958-75EC-72B4-C1F9-6200279B9891
	Random F8:F8:1A:5E:AE:46	EB10B98B-B31D-9415-7A8D-41B03CA577B1
	Random C5:D5:CD:37:BE:88	FFD77018-0AB2-719B-4E16-622A19AA4346
	Random D4:A8:50:C3:2B:89	15E7A313-96AE-D47F-0AA9-4C9AF7714FA0
	Random F4:0B:A1:B8:63:66	1BB3010D-8DD6-B67B-8D68-1A3A666335DA
	Random EC:DA:8D:2A:A0:50	4C01DDBA-3973-4667-3FCB-BAFFDD0ED2BF
	Random EF:E7:54:C9:A5:B8	50DB1D6F-BAC6-381C-4390-003D89291678
	Random E7:2C:F3:DC:4F:A8	8DA3AF3D-0367-F234-2BBA-07CFE2609A44
	Random F0:B0:E1:3A:3B:F2	C858F13B-9CE3-35B3-512C-8D0777FE4C29
	Random C4:B8:16:7F:EB:D8	0F49340D-523F-33E8-FAF9-60D7A576D770
	Random CF:4C:77:F9:B4:A1	DC64BB78-2534-C0D9-4BD3-8D26E124C69D
	Random EC:D0:A5:E1:43:95	FFE520A8-D6D8-78F7-137E-47F12103CC0A
	Random F5:81:06:68:73:16	358D8F30-30B5-61AD-621E-826663A3AE9D
	Random E8:F1:19:95:B7:83	30F53600-534C-FCCC-A5A9-9D98D7997C3D
	Random CD:1C:83:EC:C5:81	3D771AB2-2C33-D165-EDC1-9DC5EF860EB5
	Random CD:EE:A8:F1:EA:FC	7AF17E72-FA39-1828-A63E-936B316CEDB2
	Random DA:09:E8:8C:8F:E8	981E38AF-8F68-0729-3D31-19CA396F0DED
	Random FE:F6:6A:CB:27:99	A7707192-4289-2F36-ACDF-791F37549523
	Random F1:21:DD:BA:3D:2A	3D82376E-1146-038E-E18D-6DC0AFC4A457
	Random F1:1E:ED:48:E2:8D	7244D6F4-E95C-B376-0595-782C4BE08EFC
	Random E1:90:8F:8C:BC:DD	2C982882-1189-5DB5-3E0C-10A247CC3419
	Random E1:AD:92:4D:AD:25	3F3608FF-9C63-7BD5-83A3-81A8DA3898DF
	Random E4:44:68:5E:A2:15	48F7D238-1DD0-F8E7-A077-2A6A09587196
	Random DF:9C:EA:F4:17:CA	578EDB39-B736-56AE-5A42-3014890270E3
	Random FC:BB:0C:85:C6:43	9BC48C21-92E6-1311-05C5-5F0C8CEA1FC6
	Random DA:7A:F7:CF:1B:73	AF0C2952-4920-28BF-89C8-9E036835E8D3
	Random EF:58:A1:5C:2A:C5	B5BE5DDB-9D94-F922-F273-39B367F72FAA
	Random FA:36:14:B1:97:1C	34F9516C-02F8-9D04-0D04-7FD889CE3F3D
	Random D1:94:53:49:86:B3	61C4DDB3-4DB2-A9D1-0198-E57A7F77F051
	Random E8:BA:FB:23:B3:4E	8FE598A1-8741-98C3-2B7B-9E7BE2864E56
	Random CA:2C:9D:12:DE:91	BAE4BCD8-9DF0-4203-3C2B-1DE066D31A43
	Random DE:6F:29:68:F9:21	E4F20AB7-5F24-CB12-3735-4A59620A35A5
	Random D2:D6:0F:5A:78:CD	8ACABE62-A5A0-1C06-2EC4-B0EDEE5D4B75
	Random D5:2F:FB:3E:8D:E2	8F483AC7-2B54-1C3B-361A-55EAC89B2F6F
	Random CE:14:91:B9:FE:EF	91780125-DC97-54B6-54D5-043944EE43C9
	Random F2:F8:35:D7:BB:AA	B57EA465-0522-7170-607D-BEC498C63055
	Random D0:7F:0E:4F:01:C7	21668639-61EB-BC6D-D667-D943C55AD393
	Random E2:A2:3B:B7:6A:61	21E5A007-66DA-B13F-B83E-32885B20854F
	Random CB:1F:BE:C0:89:53	DFFC682C-F93B-EC4E-3A39-DBA89AF5E795
	Random C5:54:29:51:0E:0F	F6F4AA70-A566-BE76-E83D-2D8D6F36AC80
	Random F4:BF:A1:82:88:58	00E12BE8-9614-F0EE-C4A4-5794C32FE7D8
	Random DE:35:CC:CF:D1:48	0DF61138-DDC2-36DC-AD0C-F5E91EF4A473
	Random F5:82:AE:CA:3E:41	22252617-CCED-D0E6-C019-B4B5A62333A8
	Random D8:7C:D8:F7:1B:0B	242A9F5E-F45E-9F06-7CA3-849AF9EE5777
	Random F2:B5:16:33:8E:93	2763942B-8F39-47EF-0FB9-1514091240B5
	Random D7:51:07:4E:E2:C4	31F45750-D5F5-742A-98C7-29833246F6B8
	Random CC:63:95:BE:C5:A2	354757D6-3493-E5D5-46E4-F785F80FB3AE
	Random F3:D0:C1:B4:7C:89	37C9F49C-0936-E682-FD99-268FB81947C2
	Random F7:F3:C0:71:41:BC	46EA9CE9-E7CE-6764-2D2E-CFB2BCA40FAA
	Random E9:14:C8:C1:38:2D	48CB46E2-26FB-7E1B-BC6F-9CFB3E4FE382
	Random D3:91:7E:92:E6:C4	4E786F4A-AA55-08AA-A5B2-EB5DD8390954
	Random C9:3C:55:56:F4:01	4EB1A736-7223-F059-3DA0-4C536781A420
	Random D2:AF:9E:BC:7E:E8	60379CEB-09A4-7603-4799-E6553CE0737E
	Random D1:62:E4:46:20:06	62AF527F-F4D0-AFBD-7AFE-F54B2647B1EF
	Random EC:0F:0D:E4:8D:6D	6786EDDA-FEEE-0AF6-1364-0C5E8FB17B43
	Random CE:FF:0E:14:8B:42	689D3C0A-940B-774A-D079-CB7F2CA695E0
	Random EB:14:2F:26:68:31	72AFD446-E4FF-B0C6-36A6-3BDF926696BF
	Random D0:A2:C1:C8:59:2F	742EF0C8-AACC-0D67-A8FE-AC62CF23DD66
	Random CC:B9:DE:00:3D:54	77053036-7BB7-127F-82F1-3CB53AA58F83
	Random CD:DF:B3:B8:A1:3D	7A8DDD7E-7445-9AD3-0B47-1B43277B2567
	Random D6:90:B1:7B:EE:59	7AC1318D-EF7E-24BD-A523-D58873A9AF46
	Random EB:EA:76:26:57:3E	7C8DF895-CDC4-CBEC-C015-0F3EABF0003C
	Random ED:6E:E7:B0:FD:87	87EE5673-AC05-2C6A-C34D-9774BD5E8CB6
	Random F2:19:A0:BE:BF:B8	8813972E-EA94-813D-9BCD-25DB2EF88811
	Random FB:89:AF:55:37:1D	9305341D-4AAB-4CB0-B57F-2FD3517D1422
	Random D8:95:65:31:62:1B	B1DF57AF-565A-D717-3F61-933200401FD8
	Random CD:39:70:E0:5D:16	B2912807-94E4-B00B-6592-C314F3741C5B
	Random FA:D1:3B:C4:DD:27	BF5FF423-3E54-D368-98A0-2195D6625FFF
	Random ED:84:38:5D:A5:D8	C22D986A-D13B-42D9-88F9-2B600C339F0D
	Random CF:DD:88:41:50:1D	C508D2B2-76FF-0662-94D3-7D492D7393C3
	Random F7:3F:44:19:B4:14	C8E75588-7BED-C629-9F3B-CB1E7C4DCA4A
	Random D0:B7:AE:D1:B4:23	CBBC786E-B30D-1508-E971-78E0075DF4C0
	Random C6:AC:3E:7D:9D:76	D2DF3622-27E3-3832-3DFD-D69C7B2F8200
	Random DA:7D:9C:9D:A5:AD	D7B4C9BE-2127-5AE2-3EB7-99953D143AE8
	Random C4:C6:B2:B3:B4:6D	DACDB18C-A117-6E90-222C-1F291BBCED1B
	Random E9:60:A8:AB:17:BF	DD02D287-AD25-AB53-DA38-28634A14430F
	Random D6:18:D4:47:2D:2A	DD49CF8D-E594-EB71-257D-A5A4C8C9FBA2
	Random C3:F3:5E:0B:0B:32	E4DC30BD-F662-80F5-250F-A4AFA2D4C217
	Random D3:28:97:2F:EC:FB	E51B94C3-8DEF-905E-7929-FF02D5D6C231
	Random FA:40:41:B4:B3:8B	E6B8E770-9BA9-2F6F-42A9-E81140736219
	Random D7:A6:83:90:05:ED	E6D4E585-D1A0-5AFA-6797-C64A559A00E2
	Random DC:87:71:81:89:FC	EF80B04B-ABFC-2213-C16B-CB324A9CABBA
	Random D9:D5:E0:DE:B6:DE	F375BEBD-3DD2-6CD7-3A9B-8130163838EB
	Random E9:49:32:83:80:0C	F3C03898-EE4E-DA1B-F097-B7D801563277
	Random D6:C9:16:B9:1C:96	F3FCB69A-DE76-2DE8-7A63-0B1EDAEA9454
	Random E8:47:B9:95:73:3F	F62BDE58-D116-1522-5516-CD65C97B4417
	Random C1:7A:0F:14:C6:0B	FF801ADE-216F-094B-510C-BAB7E6F1E36C
	Random D6:2B:52:94:86:FE	FFB04543-612D-3A6B-6666-257A964A6EA8
	Random C7:01:67:EB:16:0E	005C69D6-57DB-E939-BB10-78689B317013
	Random E1:CB:CB:C8:BE:09	038AF72E-B339-4BC0-0357-96FBAD0D311C
	Random E7:EE:C3:95:25:96	03B80D90-BD83-3245-BD66-53D340C92D6D
	Random DC:32:63:16:12:CF	06162469-4D87-D19F-5837-299F903F5019
	Random E4:73:93:08:91:CB	07F31E80-0381-FA90-47E9-EEE92B4F7E8E
	Random F8:9C:4B:9C:1D:A4	0DFACD84-B6A3-69DD-DE4A-C586CB77D239
	Random E6:C5:40:9E:1B:57	0E37347F-A716-2332-8D3A-56F01BB92AB3
	Random C8:53:80:6F:18:D9	1E3BE460-65DB-FCB3-2F04-D41A2E851921
	Random DA:0E:F9:0C:6A:AD	1EDB49CB-3FB9-1A56-2FC5-3D032EC02B41
	Random F7:E5:96:E1:AD:70	228532B7-CB59-B33A-A9EA-66B58BDEB2FB
	Random EF:A7:69:A4:D0:E3	23795F82-DB4D-63F7-8D21-1FA39403C578
	Random FF:4E:35:F4:E5:73	267C0DEA-F282-9BF1-DF87-DC929AABD1B0
	Random DD:14:C4:34:E7:DF	2799F7EB-8332-1757-BE66-E9AE74BDEBC5
	Random C6:E8:02:30:A8:43	28786377-0F25-D4B4-0F38-E3E29488720C
	Random D2:C1:B3:9A:CB:DD	2AEC68DF-9ACD-5BDA-7262-9B5AF1970A11
	Random D7:93:2B:BE:6D:B8	2D562839-047C-A607-59BE-83C628E35E8C
	Random F0:16:8A:19:77:B6	3085A6F3-6C36-5D64-C182-4DF97C00FFCC
	Random F1:A4:39:71:F6:80	30BC8F90-AD43-E121-0D4D-791745EBB082
	Random FC:DD:78:75:AA:38	31D00B5A-2939-32AB-BC60-313E1D990B38
	Random C0:C3:69:C1:E3:CB	3438D618-6610-B6C3-CCE4-3786FBCD670B
	Random E7:BC:46:03:BA:79	38B84204-844F-F505-405A-3077F313E0CA
	Random D4:8C:35:35:51:7C	392C0AE0-C305-EDA3-1E48-D506535E856E
	Random FD:7C:DB:5A:E3:02	3B5ECC0C-CB20-3BE7-F35B-E5AF30EEBD27
	Random F3:85:06:86:35:16	3DBB4FCD-EBFC-ABB9-3060-B9D2FA4EEE45
	Random C0:C2:DA:CB:09:F7	3EC8B3D6-032B-A352-85E0-19E7A45A932F
	Random D6:13:22:FE:0D:A1	4068EB41-ED10-9FE0-A3C7-9205ED35F4BF
	Random C1:FC:4D:97:AC:F3	40E2DA0A-9F1E-ADFA-5A1F-7601DFA4C717
	Random DD:92:A9:5B:DD:FF	426D1F57-B18A-7A7D-23F2-092547988F7E
	Random C3:8F:59:B4:F2:84	44AB64FB-0BEA-489C-A6BA-2FE5956637E5
	Random FE:D2:91:31:B6:65	48E56ABC-1DCE-953F-9AE5-C488019C72B1
	Random D0:D3:6B:7E:2A:20	48EF55D2-6D1A-96EF-5E82-52654454A1E4
	Random D8:98:41:99:33:61	49160D35-0255-0957-E135-210E91E3E8FE
	Random DF:B6:14:D5:D5:A3	4A8756B6-2AAA-30CA-5637-FBCC842552E7
	Random D6:D9:65:B5:4C:87	4B308728-C356-10AC-6AFB-58C47C93199C
	Random D3:CC:5A:3A:EF:75	4BAED051-1E2A-9F72-14D5-FC846D6A49A6
	Random E5:4E:E1:2C:43:5E	4BD1AF77-3773-CAC6-336E-23A58786FA13
	Random CC:28:EF:FE:31:41	4E35745F-3F74-1210-0CC5-280B41C2FB38
	Random CA:DD:4C:E2:FD:1F	5059DAA3-8773-D8D4-1C0A-29E1A7A0C457
	Random CC:E0:4A:D7:C7:BC	51A3B207-8BB1-3385-7915-F9CCF97957C5
	Random EE:C9:43:08:B8:02	524F22BA-D102-8B98-E501-320951CA9EBA
	Random DB:0E:E6:56:44:E6	5459EC39-ABF9-C9E4-11AF-28DCA54CEA70
	Random FE:BF:7D:E8:96:47	5A5EF6E3-B9FE-5E60-78A7-2993DE631887
	Random F0:86:74:F4:57:3B	5ADCEB56-6A46-E675-9B28-7931BA2677B7
	Random DF:E4:35:C0:1F:D6	60C3C346-3F56-9986-2F36-98733FC5B612
	Random CF:AD:71:7C:D2:39	67041721-68FA-B810-B5B3-DE07C8964184
	Random FB:3E:37:51:CC:C5	67D93D00-8675-CE0F-EDB1-68F9DEFFFA9F
	Random C1:24:64:43:AC:F5	6D4D084D-EAB7-4E8F-36DA-1635927B55B1
	Random FC:8A:D3:BD:68:AD	6FF72536-5E7C-D00B-854B-10C7A7A1CFEA
	Random F8:DD:72:28:AA:0F	73B77D10-A925-0DAF-8D6B-5DF1DC906D9F
	Random DD:36:6D:9F:E7:76	76BC23A2-45B0-716B-6F6F-2D1A62F6BB9E
	Random E2:7A:D0:A1:D1:87	7E032FCD-AF7C-1745-6109-EDA3DE9448B2
	Random C3:53:97:5E:AD:E8	8953EAF1-BB06-4DFE-5BF9-5021E1AC3FFB
	Random E8:F3:3B:43:F7:20	8A6279CB-33BB-A0C1-6ABC-75FEBC486AE4
	Random F2:8D:4D:26:8C:8C	8C223593-BEB4-154B-5800-7E6B5D46D287
	Random F4:34:89:06:4B:0B	8F329FA4-0CB0-93FC-6145-984F3B756416
	Random F6:5F:20:1E:DA:14	8FF42865-D213-2FB0-C8E1-BC04C4A8315E
	Random D7:43:0C:B1:10:CA	98FD5580-F403-FED5-0305-38FF9CA7BFA5
	Random FC:5A:41:FA:72:50	9F2F244A-16B2-21F9-B0E7-CED6AD0B1989
	Random F8:2E:A2:0A:12:7E	9F662C1A-2652-1E34-BF1A-3C0D6150EFE5
	Random F3:F4:0B:E0:71:B0	A0B845F7-88D4-1EAD-0849-242565D3DAF6
	Random DD:A6:FD:B1:B4:AB	A25C15D2-297F-FC41-69C9-757A8850E47F
	Random E4:20:3A:08:3F:AC	A2AC89B7-5447-184A-AE64-D2C692E64B4F
	Random DF:42:26:72:11:03	A4D7191F-B77B-F361-F530-6C06E223DBFA
	Random D1:18:82:4A:59:5D	A57B6F25-5281-9E32-15E1-2AF3E0C5BA58
	Random FE:E6:4A:4D:84:DA	A59D7DCD-4685-9C1F-B2A4-D0CE39828F4A
	Random F1:59:55:56:F4:BE	A65E7AC3-AA71-B458-BF7F-68BA9A890172
	Random DC:98:98:33:F4:B9	AA3A916C-829F-31BE-2B58-3C472D66C0EF
	Random CD:B3:D6:FA:86:2C	AAF5A65A-2379-4618-AC22-10048A927577
	Random E7:2A:1B:74:63:5B	ABAB72B0-4B40-F5EB-36C0-737183BB7FD5
	Random D8:EF:BB:AF:2C:DE	B1A437D1-E6FE-4258-DC06-623DBB4BF74A
	Random F2:DC:D4:3D:99:92	B4562DA5-0BF9-BC40-AD68-4D182028061E
	Random C6:F9:20:31:6A:23	B99D0BA2-C593-1D2F-BDFA-96447E3113C6
	Random C6:67:DA:23:2B:08	B9F2300F-7360-1313-C02B-B3C6D3365A6D
	Random F1:E6:1D:8D:65:CF	BA569711-2C81-EAA9-ADF1-C9CA32378DF7
	Random CF:31:FB:F4:E3:4D	BB83F984-9C19-3C2D-98CD-AF852DD4748C
	Random D1:DC:6B:E2:BA:E2	BEFC8C85-16BE-9477-9367-2BC96C97C25C
	Random F0:C8:A2:D8:86:66	C3EA93F9-2A97-42EF-4793-EFD2018D5A2B
	Random EE:2C:9A:EC:F2:6E	C8929AC7-04C2-4CEA-A4F6-B2FED84D358A
	Random E6:8C:F6:02:91:F0	CB0ABFAA-440C-364B-525F-984666ED774E
	Random CC:C8:2A:D3:11:6B	CF77510A-C2D7-6B70-6882-3B60AF401C07
	Random C5:6F:23:96:96:6A	CF7ABB6E-9088-187D-CA63-3DA0AA0C4640
	Random FE:3D:81:24:D8:3E	D44D3E76-70DD-59EC-26DA-D9C4710C71C3
	Random E9:05:36:8A:02:F4	D5CAB8D0-947E-EBFA-9EB9-07B1E6EC57E9
	Random C2:49:1F:DA:3E:43	D5CC98AB-9DDD-35F4-237C-CD3D86B56E03
	Random F4:23:3B:D9:75:12	D605BDAE-99F6-9EB0-5A24-79AF22B7B177
	Random D1:A8:83:D2:32:7F	D9F3F73B-F1F6-C3AB-540B-0C499FCAE460
	Random F4:51:C1:48:98:7E	DC26D2D3-319D-5C38-E6FE-E267B274B021
	Random E8:C7:F9:99:E8:A7	DCB77633-FDE9-AF35-239C-184D78AC088F
	Random DD:4C:1C:7E:F8:19	DCF708D8-4B92-5306-5AD1-55EC35078ED4
	Random FD:2F:00:A6:A1:BF	E055EC3E-D38B-A1AB-FEE3-963D481BE3FD
	Random D9:48:ED:68:FE:57	E13CE3CD-AB86-68C4-E3E2-2BFADCC72AA8
	Random DF:F6:0F:4B:6E:BA	E2C8AFD4-C58C-DD84-4CF1-A585DF4708D2
	Random C4:7D:6E:0A:EE:B2	EB0B8AF3-26F7-EAD8-2540-63E26A3FADF0
	Random ED:D9:3A:87:EA:74	F5917F89-CE8F-01C0-303F-88E26EC58E72
	Random C6:90:16:F3:F9:77	FDF73BF0-8D8F-1950-C053-B1EF8D20135F
	Random CC:DF:36:B9:9B:49	FE1E8A63-1336-F098-D9D1-0CB46C0D6527
	Random E4:4E:CB:1E:8E:F1	FFFB34CE-9F98-0BE4-DCBF-BE1BC4035EF2
	Random CB:B1:D4:BA:E2:34	40BAC69B-417C-AC3E-AB4E-FBB7224B5D87
	Random DF:DA:89:A3:4C:A8	5741C717-BD9B-20A2-6119-8C20D8FB39EE
	Random C7:FA:32:C1:9C:FC	79F8B274-360C-5AB7-650F-E7E7DB0C6B9B
	Random D5:98:2E:B9:6C:A4	7BB8D61E-702C-1A0C-CD3F-92220054F10B
	Random FE:AF:48:90:9D:B2	B1C34352-9A60-F652-1CF8-93A46D0031C5
	Random F6:A4:AB:56:4D:A6	B419A608-5E19-9699-232A-C2F8D1566BC2
	Random CD:C7:A8:17:89:68	7D409A2D-D497-9063-E4C1-5B86E2330E43
	Random F2:F6:0D:8F:E5:50	8BD3501E-ACDC-E738-DAAF-CFA598BC02F9
	Random C3:DB:A2:4D:CA:74	8D3EE856-8DBB-2559-D488-CB820324ADAA
	Random FC:BD:97:CB:47:97	B952403D-EFF9-2A84-2A55-21848BD2452B
	Random E6:7F:2E:59:C5:3B	DD465796-0B72-CE47-60D4-ECDDDDC01C42
	Random D1:DF:29:89:46:1A	E016A4C5-577B-7EF1-7422-19F0C10E4C21
	Random EF:62:F0:FB:E4:50	E922A7A6-81DC-C11C-B8B6-88CCF877B4A0
	Random C0:F4:49:A1:A3:3F	14174A4B-BB1A-3735-DF7A-D5D6F118CDA4
	Random F8:56:7B:6B:72:0D	57BCB4F6-FCBA-F6BE-D828-2AB8876B07F4
	Random E3:69:CD:A1:CB:D6	90C637E3-33A4-5F06-6005-3AF69FE52980
	Random D1:09:3A:A6:A5:FD	033A4C18-860E-3469-A3A7-1F771E338C45
	Random F2:1A:36:E8:B2:9F	1BFC1840-4FA5-3725-05EF-9772F812785E
	Random CD:B0:7A:5C:78:71	632E5BC6-BF59-5662-0581-86B6A09FDDDD
	Random C4:D9:7E:96:C5:22	81690570-7877-8DB3-2017-3385676DD51F
	Random D3:6E:50:19:E1:1A	0BAEACBE-B58B-1822-3CC1-5E6156DFEBB7
	Random C5:78:4C:36:B1:98	3F1152E8-4697-A938-C1DF-CB949C864E1A
	Random E5:3F:BF:6D:AB:BC	A3A57ABB-2988-4BC0-F7FE-54DA4EC3783B
	Random D9:B4:A7:90:8B:85	7C6F527B-7C7B-E203-C71B-83183BBF0C51
	Random EE:E6:BE:4F:FF:46	846BA05A-3A5D-B3D0-2CF0-A8A3F56916C0
	Random CA:16:FD:C6:D6:56	03C398F0-BFB6-1197-6B71-A246521FEF4A
	Random D2:95:90:BA:A9:25	FC1B28B6-C070-E26D-DA8D-D362FF677561
	Random C3:A7:1D:35:16:CC	1162A0E6-472F-9BA2-1FDD-FD6B0F7F35BB
	Random CF:46:16:F7:F2:FE	249F92E5-9D80-79EF-C620-B7E74D0A0B0F
	Random DF:0F:4D:3B:FA:8F	7CB2771E-EC6C-1437-E5FA-3C5AE223E766
	Random F7:DA:59:12:88:73	84FF38A4-9854-1EDB-5ACF-0BECD4B135D3
	Random CB:6A:D8:53:59:55	8F21DFEF-4802-5658-5746-37C57A126DB4
	Random E8:7A:7C:4C:05:9E	A458CABF-39E4-8009-D5EE-789789249291
	Random DF:CB:F2:B6:87:A1	A7E40058-1E56-CCDC-CB7C-952687EAEC97
	Random DC:5F:1E:B9:24:F2	B0374CB6-DDB2-377F-FA37-F809250FE3B4
	Random D9:8B:CB:E7:62:09	BA990F1F-78C0-DF45-1702-00DF832B8564
	Random FC:A7:37:33:C8:0E	C2E3C61D-8ED3-B11D-F655-CA8FC8A2C1DA
	Random F9:44:12:23:16:E5	C9A8D901-9827-3D70-92ED-B06DDA811D70
	Random FB:85:FD:3B:78:9A	D764D652-F77E-17DF-50F6-FE6EAC9DB39E
	Random D6:B2:BD:75:E0:61	FAD68E73-6073-885C-A78B-1207A7196E76
	Random C3:D4:A0:A6:A2:A9	02922874-E89B-B792-EDF9-3CC7C247B685
	Random CE:1A:1F:7B:E4:A0	0CEC6934-F319-1A4B-05FD-FC18820C9CAD
	Random E5:39:99:53:9E:D8	3349DFF7-832D-5AFF-B7BC-405B4EF8CBC3
	Random E8:85:25:F3:2A:76	33E140A0-D402-A982-68F2-EEF62319B0B6
	Random F7:6F:E1:10:54:69	5B0E4650-7ECB-346F-07B7-1C292E771166
	Random CA:97:05:C0:14:37	6661E6E8-1F72-4D92-C093-5194C116EB1C
	Random DD:4C:AA:01:2E:39	7BD02038-A31C-FB67-E5D2-CF7C365521CF
	Random D7:26:F6:D5:CF:0E	A116F66F-5598-73E2-88C1-A6B8EC402A00
	Random EF:D7:70:4F:3E:0E	BCEA312E-DC04-BE73-E839-27E2F6F12394
	Random F7:4B:54:CA:B4:A4	BD4C8BB3-C28E-A474-F134-E6F854DA4A99
	Random EF:53:86:AC:A3:8C	C1F40B18-5599-7214-AA1B-A835D2B04E07
	Random FC:7D:9F:6C:F3:C5	C436794B-2B13-1383-20A4-FAAF0EE71D08
	Random CA:AF:2B:E0:BA:10	05C4C80C-6FC4-89B9-B7AA-2518B92FCA3B
	Random E5:08:23:7B:83:48	0D017909-FAEC-C4F5-B628-19687B9B8681
	Random C2:92:86:99:41:62	18FF26B6-403B-D982-8DCC-48273BD6A9D0
	Random C4:C4:8C:41:8D:80	1BC5F46B-D708-1292-CE77-E55A749E5247
	Random F3:82:D6:44:4B:AB	47D2728A-AA33-62C2-9832-30F9A2BEA4DD
	Random EA:8B:B2:B1:74:AF	641877A8-B71C-18A2-1F44-AE6260CE0CA3
	Random E7:62:D1:70:59:2F	6483FC6C-F2E1-EEED-F778-79CD7B476BDF
	Random F4:88:64:E1:A7:E8	72685CFE-1564-6CB7-6573-2CE9E3AF5114
	Random D0:BF:CB:20:EF:56	7A169898-07C3-6BA6-F233-D18A7B1AD5D7
	Random C8:0A:EC:5A:1A:90	7CC6A792-01CB-5B1F-7C35-FA3C55323543
	Random D7:BC:AD:DB:02:08	7FBB220A-C9CA-E0C2-B2A7-7CD9A21BC128
	Random D9:F8:34:06:BD:CB	A9BA157B-C8D9-D1CE-5B87-6FD5E3D5F118
	Random E9:50:5B:DD:E7:69	B711C282-E331-A58E-2DAD-327D06B3487E
	Random D9:95:6E:25:E6:5B	C0C3F5D0-21AE-EA7B-85D5-B112C3111A43
	Random E5:4B:D2:14:23:FC	C938D55C-6354-864C-503E-60D1698AE990
	Random EC:A4:D7:13:52:DE	CFAE62A2-327F-0E26-A6F2-8511E7234E80
	Random C4:4B:8E:25:25:26	E804B1F4-6D39-307D-9DE1-07E4821C31E5
	Random C0:CD:B0:69:B1:F5	2849BE6E-BE62-E999-88EA-053358763777
	Random D3:F4:F8:79:76:52	549BB0F1-092F-A284-C48D-1F97693D6606
	Random FD:7D:12:EF:3F:71	36EDDA34-6E5C-36EE-623B-758F74F2A15C
	Random DA:75:BC:24:40:68	7F919AD0-C1A1-C978-906F-3C41FC38C774
	Random FF:3D:08:09:A6:27	18EE25A3-5841-13C0-F43D-662A40EE49A6
	Random FD:48:C6:8A:90:D5	356A14D1-B4A0-4529-4596-076BF97622CE
	Random CC:20:95:40:B8:65	50273367-924F-CCBD-11B0-4FBFDF522C34
	Random F8:88:5B:8D:0C:F2	851CC9E7-CE95-2B7F-FEE8-70D132B75A85
	Random EB:7E:5C:C8:90:F5	DFD6E3B0-DF6A-4A02-021E-69787AF906B4
	Random C3:AD:70:80:4E:EF	F16BDA9E-4C65-C481-0157-07FAC0A21708
	Random C6:74:49:05:D6:51	480FEC77-152A-683E-3685-5966E3B371BE
	Random DE:BB:F0:9D:A8:D4	94AA869C-9AFC-4DB4-05DC-4D056BC630FF
	Random D6:F6:52:2C:DF:19	DCE5CDB6-D719-D777-B1D4-461D8607358B
	Random E2:E0:E9:A6:1F:2B	FEC3A639-FA8A-EAF7-C0A0-E202DC0E350E
	Random D7:48:57:63:F8:4F	33A5294D-D6F6-CA45-E598-8B49FF2680AC
	Random F3:1D:73:3C:FE:E3	F8E69594-3E77-37C8-CF75-6DDC93D28AE7
	Random C2:4A:61:45:27:71	6B806902-2CFA-884E-8600-E005E4509319
	Random E1:04:33:27:B9:1F	8BD1E56C-A459-6570-5865-DF9DED567964
	Random F3:DB:BE:08:E5:93	FFFC0523-0036-B119-F08D-A13F25BBAA83
	Random D9:F5:23:54:98:F9	6C4F23CB-BBF3-ADB5-D1CD-AD85C3074EC6
	Random D1:9C:37:0C:E2:99	B3CC4438-3A3B-3120-225A-5227100F948D
	Random F9:C1:1A:73:19:D1	CD250E44-463A-D832-DF36-49D2CDBEC958
	Random FD:49:4D:EC:92:7A	FC37265C-91D1-4776-1E3A-CED0496109E6
	Random FF:8B:3F:72:17:E4	15625429-C706-2B9A-32C9-FFA4591FA66B
	Random FD:DB:A8:E3:ED:14	815A824A-20BF-1AEE-6430-1551FB55C4E0
	Random DF:76:09:EC:DD:8E	E6F41A9E-5684-440E-0D68-A6E517CCEA97
	Random C0:AE:31:15:45:A3	938F78FF-43FF-FE23-E672-EF797E54A964
	Random D8:9F:0F:25:B8:41	CDC635E0-81CB-9BBE-5072-6ADE0318CD0A
	Random C7:8F:25:68:06:59	7D7BC65F-2069-C2BF-17E7-02FB138AD661
	Random E7:51:F1:49:40:0E	116F4F32-9244-F300-1125-ED0EF012E2B4
	Random EE:E8:7C:CF:F6:41	1B32D905-D39E-48BC-6AB2-3D2BF2A95775
	Random EA:65:B2:10:A0:98	32CCE73A-9098-3C86-CB74-74C825C87BD3
	Random F8:22:BB:C3:23:45	9BC2BAAF-E442-C8E7-550A-123C9458E482
	Random F1:2E:3A:C0:4B:7B	A582417B-2DB2-50A7-3C5F-9BCE61D53E8D
	Random FD:F8:FA:28:B2:52	D5D4C980-8CAD-B746-8A85-D83CD40C09E0
	Random E5:26:04:A9:2C:66	F8829746-BA20-545E-FF3B-A0BDE5E692D8
	Random FC:32:7D:18:B9:C6	01EAD954-5C3A-3417-E923-3B7EB8D1286E
	Random DD:63:B1:5F:1A:59	098DAE7A-EADC-A891-9F4A-AC6C266D5F57
	Random EC:3F:EB:56:8C:9B	0D9379D8-EEFA-D717-0E6F-9AB188399A40
	Random C6:84:61:96:76:51	D50E6187-2114-CC63-406B-AD9A501ED930
	Random D6:F3:91:69:1F:28	DDCD84BB-2620-13DA-F9CA-8BFDC348B317
	Random D6:7E:7A:D5:5B:25	08FCFFC2-C666-FB6C-7F4B-74C6E143670F
	Random E3:D2:92:E0:FE:17	9B9C4611-65F6-455A-44F0-594C41543DF2
	Random FB:51:E4:87:34:96	B107CEA9-F5E0-DEF0-88BE-712871B03674
	Random C4:0B:89:12:30:06	46204178-07D7-8E39-843B-2A171BC98DFF
	Random CD:67:81:38:85:6A	6ED3FF08-A0AA-E53D-8892-055A4CBF561B
	Random DB:5A:42:18:9C:24	6FA8A545-7B08-CEA5-1EE6-520E8494299A
	Random E3:EC:40:BE:E5:02	0ED97D1F-188D-354C-C0C6-18F4F7F9EB08
	Random E0:3A:34:1D:D0:6A	21CB3898-7DC3-B6E8-CEE8-0C90F0684469
	Random EF:57:AA:FF:66:72	5EB05540-9152-F852-09BA-A7039CBBAA35
	Random DE:02:27:E0:59:8A	68961073-53F4-14EC-0AE9-16FB40488D4C
	Random E0:3D:7F:29:46:15	77BD4EDF-FC38-2F75-931C-6E68E75FDF77
	Random D7:98:9B:77:31:43	828ED395-601E-66A7-A617-32D53EFE068E
	Random EC:F9:8D:32:CE:18	9EBC32B1-DE75-84A6-D669-1D1FF4013C51
	Random C6:63:4A:4D:06:5E	ACC034B3-D5FF-171D-AA38-562DA0298C59
	Random C5:89:75:F3:C6:7A	C3E1863A-5233-614A-B464-73B3D0BFC8C2
	Random CC:0E:9A:FD:94:27	C83B2F44-663D-DC31-3195-0293BD9B46E9
	Random D8:60:49:AE:5B:A9	DE5344A1-971E-0BC1-6E49-5C6B80BB905F
	Random E9:62:CA:C2:C7:1C	E1295701-B10E-D72B-2207-63CD0EB10AAC
	Random D5:9D:8F:41:D4:24	FDBF543F-B92F-3BB7-7081-20E43F66ED6B
	Random FA:18:A6:BF:A9:81	19D89E88-7448-0CA5-A35E-F3FF3C36C666
	Random E6:C9:A6:2E:41:09	591CA1B7-056F-8898-12D4-A9AB012757A8
	Random D1:D5:59:A4:F4:C1	79446057-AEF2-542C-5D95-6CF436B5ACE2
	Random EE:DB:51:97:EA:0C	BC9A81EC-DE86-A8C2-9CFC-5C5B1484162D
	Random D2:B5:74:55:A0:E7	ED61F4AE-D8C0-1617-CBCF-84DC9A19E01F
	Random C6:FB:17:B1:25:B7	EEE078CE-6038-54FF-9EC2-BEF4414F6903
	Random E3:CD:3D:10:FF:21	78FE1A7E-A907-7B52-EF3B-7F8B2162BB98
	Random F3:EC:3F:BC:DD:56	7D3BAD4D-EFA9-45C5-E2D2-26CB02DAD1EB
	Random F1:EB:C7:C9:D4:6A	BA5E8A05-A247-2279-8D35-FA2B1EDC1AA6
	Random ED:FA:BA:A2:E2:02	E3FC66C5-983F-B92B-80AA-D762EBC2B1BE
	Random E4:E1:61:FD:AC:77	2F640BD2-053A-F163-1CA8-B032FA3997C1
	Random EE:73:27:CE:B2:E7	47D4813F-EABA-7D95-05B1-09D18A51AC03
	Random D9:58:B2:23:16:6F	8FB0B755-55B1-B58F-39B7-9B31C5C78954
	Random DE:82:BF:19:A3:A2	97E49BF5-A31C-9AD7-F1A8-E286779F53EF
	Random EB:53:F2:2A:95:AC	B46F455A-F84E-B1DF-2B9E-4A4139E7A2E9
	Random E9:CC:A4:09:F9:D0	14DD0BFB-37F9-13AF-37BA-6EC6A459B8BB
	Random CC:5B:D1:62:E2:B2	8569E409-1007-F38F-1A9B-CFB0AE300E43
	Random DB:15:D6:34:08:FD	CEC9F743-6685-00EC-1D9F-4184C1192E19
	Random E5:55:5C:17:6E:B4	EE58A290-00BE-5EFA-116A-3797BF17ADDC
	Random D8:36:17:04:EA:41	1C144803-8349-C011-DA0B-AC09E93FDEC7
	Random CC:9E:07:BA:FA:36	2BCFC7F0-5597-C33D-F546-6B841E8494DF
	Random E4:77:A0:1B:6C:73	2EFCB90E-195B-6D54-1D4E-AA32E231384C
	Random C6:0F:82:30:70:0F	76690898-2891-34D8-5F62-F6E6B6A92BF8
	Random C3:E1:E3:8B:DE:82	7ABBB358-2960-0473-D989-AA91935D01B6
	Random E9:94:70:F3:F8:22	8FE8FBB4-2455-6149-8DFF-692C0ED2C575
	Random D2:96:6B:D2:37:11	9AD5B1A2-B17B-39E8-ADD5-F17AEE999C6D
	Random E6:4C:7D:EE:75:A1	A8AF172B-E214-A465-F466-118F249A640D
	Random C8:55:F0:13:B0:94	C25FA566-5E35-D777-6A42-48DEF8250920
	Random DE:D9:0E:9C:FA:28	D33DEB4F-EE6C-63C0-F140-9DDDD842750E
	Random FE:C5:E8:DA:F1:E8	D36DCF17-759D-EC66-5738-370AF3AED312
	Random F2:3C:ED:98:57:5F	0659FB08-D1D4-DC7C-D901-ED1FA9697246
	Random E6:E6:D4:56:92:E7	16F83BDF-21AC-3869-7984-E1EE179E8B2F
	Random E2:3E:38:48:A6:42	1A3F646F-1B41-8B83-7C1F-90185856338C
	Random D3:71:4B:30:A8:58	335F50EC-CD4D-1524-CA44-B57B85B3C6A0
	Random CF:03:0C:00:6B:F8	408E33AC-66D7-26DE-20AB-5373998905A4
	Random CF:35:66:2B:A3:B6	415644B3-824F-61D6-A1A2-6553A3E6B8BB
	Random DC:AB:43:8F:3D:4A	51CD1765-C291-7CD3-A9C1-E11D7AE9D629
	Random DC:DE:25:A5:38:9C	6E37FB98-316E-E208-238B-C38E984A394A
	Random F1:EC:62:0B:EF:EB	82BA79A4-CF8D-62F7-0FE5-B474C6D1505D
	Random CF:1D:7B:61:A9:94	BFEAC5CB-187C-DF98-8268-4C906304FA56
	Random C5:84:6C:45:D5:C6	C9738BD9-EA22-148B-552F-E897A40C8151
	Random F7:90:14:05:84:70	E337C3B1-3F01-692C-BDA2-ACE5DF6B1F5C
	Random E7:F1:51:4F:84:6D	E6346945-7A6C-48C5-F7B2-C587CDFCA83A
	Random C5:09:90:02:2C:15	E812C8FF-DDAC-8466-4162-21F18BBFD39B
	Random EC:F0:B1:98:3D:24	EF41E3A0-19E4-2C1A-B59D-6E7AB22760B6
	Random C2:1C:4B:22:AE:CD	FD5C2267-E5B1-3471-1829-FA41AF4C2331
	Random EA:81:38:B2:39:D5	FFC6926B-D208-B67B-4640-64D758D48D49
	Random EE:87:39:FD:86:E4	133E7F52-091A-2D29-4A5F-E6306936EC57
	Random CE:2F:5D:6C:20:DF	1739791F-2E85-FF7D-93FE-DB31ECCDBBFD
	Random EC:F0:40:0D:AD:8C	1C916EA7-60D1-3A5F-B437-E35FC3C6FE78
	Random D3:E5:87:9C:A9:92	208CF425-CA97-3AA4-7898-EA19C2C01036
	Random EB:40:CD:3D:66:B1	21CA79C0-C7EB-924B-95D6-C63063DED2B7
	Random F2:7A:98:25:47:1E	313C6D23-FB7B-D9A5-AF8E-38D64E95A52A
	Random CB:9B:94:AD:0B:72	419BACC1-EE1E-0474-652B-6152D9A927B4
	Random DB:6E:86:70:1D:2B	4C51B3C8-E24E-B562-BC49-59FD5F5F36F0
	Random FB:4F:AD:2D:5C:07	4EF9A2CB-AECA-FA0A-DFC2-FBE56C2EF6A0
	Random E6:83:06:17:B7:34	57331A3B-8BE7-F168-9716-2600D0139B6A
	Random CE:54:DF:96:1A:20	5AECE176-8029-E3D3-A64B-96AAAA69B10F
	Random D4:0B:6B:5A:C2:17	5B1D0861-18D4-AE4D-2CFC-309DB0C84CE5
	Random E0:63:E0:C0:B4:7F	66862AE7-CCA9-79ED-A9F4-A507E42E200F
	Random F4:A5:7E:CF:58:62	6A72F0EF-56F1-F862-E783-955193332382
	Random C7:44:B8:9C:A3:3F	7AD66067-D33A-500B-0450-C7CEA6C96113
	Random CE:FB:91:9F:C7:92	9B88BF2B-B715-692A-76CC-C2E34A653F8E
	Random E7:30:D6:CE:60:B0	A0DE1DD6-5DB6-77F6-33DB-55231943222E
	Random D1:74:A1:2F:68:06	A247592C-B255-BF50-917E-4AC5C6612378
	Random F0:96:79:04:C2:7D	BB5F317F-4766-775B-2C0B-2077B7436C30
	Random F2:16:E3:62:40:DE	C9D38FC0-8DE7-BD1D-9E87-9590D074811B
	Random D3:AE:E7:B4:B2:4A	CCC7AC1A-C494-1A6A-8F32-A271A7ED8687
	Random EE:C0:07:3E:FE:E6	D28D4792-D64F-AC00-16C8-53C0B3E628AE
	Random F1:A0:E8:C3:BF:CE	001CEB89-55FB-8AA2-4294-EA4D6B896463
	Random ED:0F:8B:22:38:63	071D8101-BEE3-CE6B-5E7C-FE72BB58C0FF
	Random D9:F7:50:AD:92:BD	129E8AEA-995A-3E40-1166-121B9813D645
	Random C7:43:AD:46:75:D6	217E5623-CC9E-953E-D57E-B4E64B131DBC
	Random C6:7E:7C:2E:0E:C2	2BFDDA5F-7FFB-DFB7-7BB0-46D834DF0E8C
	Random D5:7A:D6:0C:A7:D3	3A4BCBDE-54C2-D7F2-6035-507FFBC78AFF
	Random C7:2F:AE:28:EC:CB	3DE0C992-0250-FEB1-C0BE-226F0B119D50
	Random CD:F7:D9:52:72:7E	43808028-6CCB-D8D1-0E4E-195BC7175690
	Random DE:1B:8D:05:71:83	4C8931C7-3E1E-88BA-CE08-E9DC54FB3F20
	Random FA:7A:C7:ED:34:28	59BEF019-FACA-C510-39B5-238C722FA62A
	Random E6:E0:BE:F3:62:7B	5E6137F2-2F99-B49E-BB14-6EA497201217
	Random C9:5A:7E:DE:C3:F1	76553C83-9DA3-D7B2-E404-11571CB6DF8E
	Random CE:23:C0:06:B1:96	7D5A5D3D-7E82-7D67-14C9-20E4CEAE0458
	Random CE:7B:1C:C7:21:B4	865251DC-7FC0-471E-EC04-F18F64AC3E4C
	Random FB:E8:99:69:38:29	B2EAF01D-636D-D366-3710-3F8698A6F8D2
	Random C3:F3:0C:3D:EF:AF	0C420435-CEEF-965D-DFD1-8E64986ED62F
	Random E2:32:BA:38:32:59	16548407-E77F-8E31-A380-7D8815E68619
	Random CA:19:61:11:5B:E1	219B315F-8373-25AB-E6F0-DBF278C779AA
	Random E4:AE:3B:F5:73:48	327B547D-D795-A1DF-4030-353853710998
	Random C3:E7:DB:BB:EF:38	5303D192-98A5-B954-6ABB-4371F519F56A
	Random E8:C2:48:39:91:4A	77F3581F-4228-208B-EBC1-C692FCA2094F
	Random FA:EB:BF:24:52:BF	EC2135F3-DAB8-019F-A505-1C4D0521F845
	Random C3:39:5C:AC:95:CC	F48FE879-5E26-466B-7D2E-843EAFE08D20
	Random F7:94:06:AB:E2:26	10772D97-02AD-5401-5BD4-A815A28EA43C
	Random F0:64:E4:32:60:F1	2A93DF45-416F-E5F4-482E-4E3CEB8A47A1
	Random C6:D2:80:E0:FF:D6	51866B04-8F41-2B81-887C-E0E76371C9AB
	Random D5:18:94:F6:5E:35	C7D6237A-CA2E-93C7-ED42-ABD3636E8B5C
	Random F2:75:20:81:D1:64	240131B0-498F-27F9-A6F3-9ABA9A5F0DAA
	Random DB:E9:EB:BB:B4:FC	A2EF02B5-623D-9A4E-8FD1-A45534C93484
	Random D1:E9:42:FB:FC:76	B192EFAC-5159-C1C6-16CF-EAC9529E6BB9
	Random F0:8A:81:AA:3E:33	06343913-09E8-3F52-A457-DB199949A8C1
	Random E0:27:0D:EE:23:82	11C9E2DD-CB7D-56EA-0C4F-5C74D3382C9C
	Random D1:92:91:4B:CB:75	13C8EE54-1504-7159-A3DB-9B11B10BD02E
	Random D6:D1:68:64:BA:25	22DECB39-1B1B-59A7-0D7E-66E601785DC8
	Random EB:B4:1D:C3:E6:90	25E7E6C8-A5AE-132D-E6EA-DD4B520AAF18
	Random CF:3E:92:E5:4A:DA	26DE4FA2-496C-AB5C-D600-317A9B0DA4AC
	Random C0:57:10:9C:F0:86	3162EABE-12CA-0BA8-63D4-A327D89A7841
	Random CD:38:DE:DB:F2:E5	43DC6F5B-DF4E-128A-2DE7-5B0DC91EA880
	Random DF:99:57:65:D6:69	43E29D25-4620-C64A-E9B2-BCDACB711A71
	Random F5:5F:1F:0D:8B:7C	5979129B-5A41-6757-C5B2-030A0A0E0457
	Random D9:C3:1C:09:C4:EE	5D12F3AD-FC8A-3F36-98A3-216719E45DAF
	Random E4:10:10:2E:C0:72	6175B528-DB29-6567-FD59-D4364B767C60
	Random DB:4F:AD:A6:11:3B	72343D48-14BF-0988-B643-C8BDF7DC0C24
	Random C2:A4:9E:CE:4F:39	73DF7DFB-B87C-B582-C8DE-7053D254D516
	Random D7:5B:CA:7A:1C:3E	86473139-86ED-89E4-DE1F-13DA0CC34714
	Random CE:75:84:C1:74:F0	867BFCBC-CF86-D244-77DD-F2A5685B07CC
	Random D7:64:7D:B6:DD:AA	88060CE0-3A4A-EFBB-C7A6-57BE97A3EA81
	Random E8:AF:5F:38:4B:B6	8935C19C-33E3-70EC-4E93-7505D7DFCD5E
	Random F2:0D:4A:7C:24:5D	8B36686B-33EE-B736-2032-ED60D67F5E87
	Random E2:FD:1A:FC:49:8D	911212F9-A375-F232-2CA4-E7C234274691
	Random DF:19:B8:C2:4E:ED	920E68B1-4179-99BA-89EB-B2EC08167BE5
	Random D2:33:69:52:25:56	94C92AB3-A979-875C-078A-16F858593254
	Random DC:E9:FA:CC:63:30	9BEE6D94-D5E6-04CA-F610-B92E2B6FA584
	Random C7:21:13:EE:82:BD	A1119082-BA0F-229D-AECD-530D375E1C5B
	Random E6:7E:21:D8:27:A5	A12B5016-7B52-46A3-E2AE-56983412F5DF
	Random F7:34:B4:12:A3:21	A6650530-FE9E-E2A2-BCB0-F333EF589A6A
	Random F1:4E:22:FF:90:1A	B24339E9-D412-1396-C237-A123B77E4FD8
	Random CE:EC:4B:26:AD:6C	BB09A036-09DC-333A-F5CE-7A4B38F70B32
	Random FC:F4:9F:BD:53:A0	C24448FC-DCD1-F1BC-9C88-0BB44048D5E7
	Random EE:1E:E8:F1:56:7D	CFBF1F4F-4C71-A1C1-7157-02C933808647
	Random FC:98:38:A1:DF:7E	D1089D0A-8A66-47AE-77BC-F792D84C56B3
	Random D2:C8:26:3A:BB:15	D125D88B-3E9D-F3E3-4D10-E478779B51C7
	Random E5:97:66:A7:CB:1F	D5499A11-2277-4AE9-AEC3-DF9A6F68104D
	Random D3:0A:5F:29:B0:CD	D79015F4-BD01-B6BE-D324-5FF63BC5E9EE
	Random EA:DD:BB:07:B4:CC	E1A992ED-F0C0-6F61-2807-6880CF7D4597
	Random E7:2F:1D:26:FD:8A	ED669F8C-23F2-B1B1-6F4B-142B4133C527
	Random E1:1D:BA:58:EF:78	9B710425-0977-53EA-0629-1B3CEC4146F6
	Random C5:58:8A:2C:40:55	2F0AAEFB-09E6-5EA9-62C9-4E44248B43C0
	Random DF:31:77:C1:28:F5	375986E7-2765-02E3-AE58-31804B74C146
	Random F1:3C:D9:B2:B7:95	C35F1949-663E-4F13-DD29-C42FB3CCE7B3
	Random F5:10:67:31:1F:28	006180E8-60A2-F549-C945-86920CAABCD1
	Random E5:A5:9A:1E:D1:29	4A18BC25-EE3A-F2BC-EDAA-A232DB501766
	Random F2:B0:94:2D:93:0E	B9691A2B-6BC1-510C-5EA4-E2AEE21B0847
	Random C2:05:FE:82:79:F8	F909B1CA-C58D-BD21-941A-5A23E026B781
	Random FF:38:B2:93:29:47	611A3AB7-EC4D-3A01-5809-D868E09BBA8A
	Random EB:73:3B:38:E7:4B	BB5D4138-4984-0A3E-FAF1-0075B54C7E9F
	Random CC:DD:39:7F:E0:23	A7673197-F325-1FAA-229B-FF46F2BCE42E
	Random F8:E0:33:CF:EC:6F	F25C0566-FC65-0A5A-D25E-B368AE84E214
	Random F1:D4:6F:E7:DD:0B	11AC4721-7A82-B533-A795-6C2438394A92
	Random DC:45:09:C3:90:EB	17EB4EEB-CDC5-2780-E9D9-A86E55D6AC7C
	Random EE:E3:68:E4:5E:E7	61CCF69B-408A-B9A4-C42D-7CEBE63CDED1
	Random F5:86:8B:EE:93:E9	77DE3C69-9A3A-D5D4-93D3-0309E97ED98B
	Random F3:09:64:63:ED:1F	7E52C03A-BF94-B211-E3CB-021E32AAE002
	Random C7:41:75:22:FE:9C	828C8E6C-34CD-2B51-8035-303A2F28335A
	Random EA:CF:2D:BB:B5:16	9D0A20A5-31D2-FE9C-D584-6E68411A70FA
	Random DA:BD:97:BC:D1:8A	AE183A5A-5CD0-223F-2A46-91CE932002EC
	Random CD:BD:79:DD:62:0D	BAD69421-8E8B-13E1-26E3-5B5FF4B30994
	Random DA:58:6F:51:BC:E1	BEE25FAD-82EA-7C21-5B80-E571DB0B6C0A
	Random F3:68:F0:5B:D5:F1	C02C47F2-27B5-58A2-6FCF-6FAF78A6F001
	Random FB:AD:60:6C:71:D3	C68FAF78-A673-2779-D289-94BAF60CB43E
	Random C2:5D:DC:02:06:2B	DDD3169B-6220-1502-16D0-01CAD9D34174
	Random F4:A8:49:CD:FF:D6	E864E538-90C9-EAA4-1690-672B755A8BB4
	Random F7:77:6F:13:8B:5E	E93280C2-85FB-3864-FB6E-B36216A26A80
	Random E6:1A:77:04:7B:39	FDC88810-F0AF-D071-BB79-6D80C775F452
	Random D5:4A:35:D0:9C:40	3D8920CC-20E9-2D8B-3BFD-BDF515D131BE
	Random C2:4B:8D:B9:E1:51	5A4B7FF5-C002-E938-433E-BFE8A02583A7
	Random F0:CD:88:28:5D:D8	6428D4CA-031A-FAF8-427D-2E024DF1F104
	Random C5:2A:15:7C:5E:7F	9CC491B8-9C79-92B8-FCA7-C2682FACFCE3
	Random EB:7D:97:A1:43:CE	59C54A02-53D2-DB73-900E-587D07143D05
	Random D9:61:B5:B8:6B:D7	96979A4C-FBD8-F31B-2B5A-B83557422CD1
	Random F6:34:C6:EA:7A:BC	990C7ABE-54F4-E911-6716-F570E09C7DBB
	Random CC:4B:64:06:A5:82	29E52868-13A4-A449-A626-EAC6208757CF
	Random C0:1C:5D:A9:2B:A1	34AB4BA7-4737-85DB-FF17-4B81FBC44794
	Random C2:90:F1:1E:46:45	42F7D81F-A3A3-D2DA-EA37-61A432153266
	Random E8:3F:8C:2A:ED:E2	931602B7-89C3-B018-5CFD-10992C72C379
	Random C9:A4:28:CC:38:3F	0A1946A8-28DC-629D-0248-53EF905F2708
	Random F3:7B:F1:47:63:F7	0C9EF7F8-25BB-D771-1E6D-4B3A8DC0D856
	Random F1:23:37:3B:C2:72	2FE73A37-AA96-CBA7-B8E0-E12F4E680586
	Random EF:72:E9:F2:08:37	3DEAAF96-EE33-B4AA-A526-7A3EEAB76D1C
	Random FC:71:09:AE:25:85	5A3579D5-1FB5-05A9-7DC6-DB3FE9A80E3A
	Random DA:24:92:E8:90:ED	9B479B8F-2224-3353-B2A1-891FC68504C6
	Random D1:1A:DE:08:7D:F8	C870D044-1319-331B-6D33-D36E3DDFDFE6
	Random C0:44:03:2A:7D:60	90AD47E5-03EB-FE77-4D9E-BCD608435947
	Random F8:87:43:14:7A:D0	994BA9E3-BAB3-7A12-3977-448CAAA926E2
	Random D7:10:B6:4E:D9:55	D200EDC1-734F-432E-30FF-265D4820AC80
	Random EF:AE:F3:14:82:64	12A299AE-662B-26C4-7707-69CE47A5CC31
	Random D1:7F:CD:5A:0B:C3	3CBB657A-DC7F-F08F-1256-01C5A5E29805
	Random E9:ED:B0:5C:FF:27	EF450FF9-F5C3-96DE-984D-A15A81FC8DD5
	Random F7:4F:C0:DD:A4:B5	3CF0EA04-5A6E-F9B4-9557-C267E3AF9AA8
	Random E8:27:AD:84:97:7E	4908CE88-56A2-A9C4-E70C-2A8688546613
	Random F1:53:55:12:EB:62	ACB8FD94-9242-13C1-316B-6BA9DA2C76C6
	Random D2:26:84:B5:20:CE	C5BDA023-B2FB-6CEA-5B3C-31FC5797F54E
	Random CF:DB:A9:9A:D3:4A	FA4193F6-6F86-418A-2105-367F47197B3B
	Random EB:D7:F7:8E:60:B8	1B5EE29C-CD3E-50C7-DED5-2F55AA1C8C58
	Random D0:71:15:DE:75:D7	74796794-FE86-E456-A57F-44078255FC04
	Random E2:8B:C2:67:E2:45	7CACDF73-2450-AC49-5341-5E65AE4876FF
	Random E7:B2:38:51:AA:B9	A74F06A1-4842-51FF-1941-4ECD03C0C118
	Random E8:16:05:A8:B0:74	3AD61400-5C0F-A83C-9466-339184DEE68F
	Random C1:E3:39:74:4E:78	5BCE2E77-B97F-3C09-28E0-43EA6909FBE0
	Random DD:CC:63:BA:7B:40	69BED8EA-01DB-2D9C-BAF5-C85A89E0DF1A
	Random D6:01:4F:14:A1:DD	E79063D5-EC3E-D54C-5197-BEBD7068D06F
	Random D3:B3:76:A6:EC:EC	2B96B2DF-F4D6-5147-691C-00002AF4AD26
	Random C5:B6:58:A8:B3:8F	4A76DEE4-F298-D4E3-12C8-6D2DCD4ABAC0
	Random E3:5F:02:35:61:77	72582ECD-9F8D-1CEC-FBB0-33A3360EC663
	Random C6:B8:61:D8:4E:A9	14C51EAF-EAE3-424D-AD19-1986AD75FB3F
	Random D7:EE:9C:B4:F2:6B	4EDF577F-B468-20C9-A89B-39B95E4E4756
	Random E6:A5:FF:E8:E3:C9	B4889240-3244-55F2-B360-E4A039052D29
	Random EA:D0:AF:7D:EB:DF	EDBEAFBB-222C-CCBA-2174-A84544F4375B
	Random CE:FB:7F:55:A6:86	31E5F921-A579-C57F-0E38-AD5A929D5760
	Random DB:9B:CC:F5:FA:60	34A5BA2C-52C5-679F-8484-32E794AA8EFE
	Random DE:1D:E5:57:A1:3B	BC8E70D1-70DE-0774-B7AB-A05815260E45
	Random CC:C4:C9:BD:EC:68	C4ACA98F-E717-667B-3246-E27A47853F2C
	Random FC:E7:EB:3B:FB:07	DCD4C7CD-3F14-C571-52BB-B23960963596
	Random FF:6B:F2:D0:CB:F1	029A5364-CB42-4863-BF21-E8A5A4F7E31F
	Random E1:D0:D9:95:C7:14	06F64924-ABE6-D8EA-E4A4-DACE1E9856B4
	Random D6:B3:F1:0F:33:88	0C2C97D7-04B8-1905-0B64-F2C273E6785B
	Random CC:DC:8F:BF:23:04	0EAEE292-1391-FBF5-46B3-AA364C1ACB03
	Random FF:9E:4D:4E:10:02	0F72497D-0073-BAF9-777D-6EF67B960B42
	Random F5:92:38:E2:71:27	138439D5-E673-B79F-A77D-4D9DE37B16EB
	Random E0:16:D8:C2:15:B7	14A8F8CC-E243-4524-B5BD-898526F1A2FB
	Random DA:DE:C0:84:CF:EF	1C5116CF-2007-7372-FB16-D6823C97462A
	Random F7:52:72:5D:7E:FC	20E9F4CD-E775-9E02-F9FE-35AFD8370A60
	Random CF:5B:B6:B9:C7:8F	28092AA2-45E6-BE23-F329-4E6F75E4A353
	Random E4:D0:F4:22:0F:57	2AB2E064-8B4B-00C8-49D9-2D9B07E3D7AE
	Random DC:98:67:2E:46:7F	4E558D64-BDD8-881F-98BF-23AD50B2B89F
	Random CD:3A:46:CD:F6:0B	50B2575C-5A2A-24F1-E9C0-F6A924F276B2
	Random E3:3F:52:EF:22:E4	645AF439-DBBF-0987-4873-84F7873A9AF5
	Random D6:72:3C:7B:03:C7	709FA1D6-82F8-B07B-E59C-7AF049868DD5
	Random D1:94:F4:7C:E8:D7	7805AAB7-9815-F69F-92DB-29025530AFA5
	Random FF:B8:8D:E9:BA:EE	7E00C96C-731C-EB74-7BF8-542368D62ABD
	Random D6:30:94:36:02:DC	84059BF8-B1EF-77BE-074D-F2D9B2804308
	Random EA:C9:F3:EF:21:5D	85937409-CFFC-94B2-B64C-D1D787673D2B
	Random CB:CF:12:5B:6C:D7	8B95E08B-1CEB-F1EF-5209-603435F756C7
	Random EB:54:8F:51:F3:07	9288E704-9725-8992-2B5B-9BAA0E015B10
	Random D2:D2:58:25:88:DA	93FE61F8-3843-B7CD-A64F-503137B25FCD
	Random F7:84:96:8B:2B:3D	94AF763A-A54E-B561-E786-89FA1A55948D
	Random D4:7C:F1:C8:D0:BC	966F22A4-5567-2601-04B6-114FD2AF10CE
	Random DC:68:F7:E9:46:60	991CABBC-2777-1A5B-57AF-F649D64A3279
	Random E6:65:D1:CE:37:5B	9D1A1F19-58E3-43B9-17B1-8F4FDE3885A3
	Random F6:B5:56:97:33:F9	A0AF856D-94F3-2EE8-949D-4B937157ED31
	Random CF:3E:54:42:A9:84	A6718848-3F2D-B6F8-59D3-176EB5D7E3F1
	Random E9:9C:F5:0B:27:51	AF20E80C-FDCD-3CDA-C211-585A5BE82654
	Random CD:B6:21:10:1E:8A	B0EFD57E-1AC0-27DC-EF88-A82A6C83830B
	Random E4:94:5B:B3:D6:AE	BB500DFC-2D6B-F4EA-24A6-F16614FB1EBA
	Random E7:02:D7:C1:90:10	D16BA321-24D1-C2B1-3FB2-B366219DC037
	Random C7:B2:AD:C3:FE:F7	D885817C-DB09-DE58-267E-4266F10F3B76
	Random D4:BE:88:E6:63:BD	DF726ED5-BD8C-BC54-2B2B-4BFFCC15B1D7
	Random E2:23:EE:09:4D:E6	E7EB0B46-93B2-B80D-F260-B10B49B8E097
	Random F1:66:38:AB:9A:AF	E8F0A099-5469-30D6-04DF-BD951D905205
	Random E0:0C:52:F7:E9:DB	EEBBCC98-B12F-CEDB-021B-CCF66E650E2A
	Random CB:AC:B2:D2:5D:AA	F959FE01-55A6-E39C-0497-DC359CD4B9C7
	Random FE:0F:93:B3:0C:5D	3CFFBEB1-47A7-AC3B-9E73-7AEAE2985456
	Random EB:D9:22:48:0C:55	B5E14F9A-3857-3642-0547-D024FA7D30EE
	Random D2:5F:5E:A2:69:AF	BEE79BEC-4506-98F2-956B-9C773814F8B7
	Random FB:E8:26:B5:82:0E	147ACBA8-B9FD-16DF-89F4-688FC21782F8
	Random EA:D7:4D:2F:93:A2	452A9AEF-5F3F-D185-C2C0-FF3162F3D6CC
	Random D0:68:49:1E:AA:1F	6779DD5C-8327-70C9-324F-9C93FFFD9A68
	Random D7:6B:F5:B6:4F:CF	EF12C557-D8CC-3DB7-9702-408105E0A521
	Random DA:FF:23:3A:87:45	49F9335E-8037-9C38-D22A-19D1AFF83ED9
	Random E6:4E:48:A6:FE:78	E409BD79-E98E-2C4A-72DE-29298453A0F7
	Random EC:75:C6:54:89:38	F771E8DC-52BE-1AAE-EF7D-F14F2A78E0A9
	Random CA:13:04:E6:9F:35	12ECD3A4-6034-3512-FEC8-0BF1CCE93A92
	Random C0:7C:70:4F:67:32	5398C6AD-741F-F890-EF77-233BAF5D66C3
	Random E2:B9:B4:AF:08:66	A91AE710-774F-4E3B-74F9-8BDB308E8061
	Random C6:09:59:11:AE:36	AA610534-9EDA-8E11-A93F-FDABD4414105
	Random C1:D5:92:F8:2D:39	8B3DED8C-E06D-1D95-FD96-F5DD539CD9C0
	Random C3:2D:36:78:EE:7A	CA4A26F6-1A5E-1FA5-AAAF-EE17B0945CA5
	Random FE:C9:9D:F2:1D:E6	790B4A9E-1A2D-A8A0-A2FF-B16D27B9C1F6
	Random DE:79:25:48:2A:69	833E4807-A879-2041-AAF5-D43BD8401DE8
	Random FF:32:C1:15:8F:56	8EB22D36-40E8-5520-F2D7-0B7A2E53BFD4
	Random EF:ED:72:EA:EB:AF	158ADA0A-498F-71E0-A6E0-BA369387BED4
	Random D1:07:F0:DD:5B:87	DB58D1BD-2E8D-A7C4-4843-75E49D8120F0
	Random E4:FF:BE:33:78:F2	A9660D8D-7EAF-D57B-4D2E-4DC53C8E8461
	Random D1:4E:48:23:C3:07	B2FABAC6-0E5F-AC40-236F-C7068793D39A
	Random FE:D9:16:AA:E4:80	0114AA41-C6D8-A5A0-7F1F-213736C2AD5C
	Random FB:0E:64:13:D5:70	2DB5E307-1F42-C638-561D-538728ED1F10
	Random FF:C1:E5:4F:F0:7B	44AEDD1E-1ADC-5B78-AC12-B3EF14D4CEF0
	Random E3:7B:A9:FA:E1:51	6955B977-24FC-E079-B5E3-FE89BD53F59F
	Random F9:40:6B:49:08:E5	BDA43F46-FB80-6574-CED9-7FD5C139EA73
	Random CF:02:D3:69:EF:3E	E30F1D42-3464-5136-4EDB-6A251C93727A
	Random FD:71:8F:02:69:5D	2CFDDB9D-57E0-87A9-FBF3-68BDBECCA52E
	Random C5:67:E2:60:D4:13	3874B2CE-702F-1DD7-65EE-D756E682712F
	Random D9:1A:21:3A:4A:79	6D72B3C4-A74F-D02C-EA32-B5A8E6399B70
	Random D2:A6:30:B6:EE:0C	B1018DBE-03AB-8C09-CA00-964124F0F98E
	Random DB:60:55:ED:DD:7B	C7C9D89B-DE4E-F9B0-6B1B-E07C811B891E
	Random C7:86:EB:D1:D8:C6	0BA7A277-759E-2F86-E447-FC75507AE88D
	Random F0:4C:FD:9F:50:EC	15288FCF-047C-2BEF-773C-80C1D0448443
	Random EE:02:22:5B:FC:DF	281A23C9-0106-A149-EA06-F36754704458
	Random C9:4C:3D:19:EE:44	37128F94-6897-F87C-2C01-A8732E5D525F
	Random FF:93:EF:A0:E7:77	85770708-C62C-575E-FCA5-35B2B077F523
	Random EA:46:01:9F:67:5A	C61B7EA0-3DFE-246C-7A90-72159FF4EFD1
	Random D3:57:3A:9F:F2:6F	C9F5D0B2-8597-F59E-6439-8B3C9F5F9F4E
	Random D9:FF:7F:FC:A3:6F	D33AB806-BB26-D2A5-64C5-E831768372BE
	Random ED:91:C7:93:89:10	F37F97BC-32B1-2922-E713-D42B282EAFD4
	Random D3:2C:DD:D5:8D:36	04181E61-B70F-C846-47D2-E610CAF884B1
	Random CF:A1:3C:3E:6C:A7	050E332F-3490-0060-61B1-D2F71F13180A
	Random E8:1D:1F:F8:D3:62	17E6F98A-3461-122E-3D27-5DDCB961989D
	Random C0:58:B8:BB:99:B4	225DB196-544B-5C73-B1DD-7580FD04835A
	Random EF:CE:C7:FF:9D:0F	64600EE4-DCDA-8A88-80D4-127680AAB1A0
	Random EA:FF:8E:53:B3:90	7193B8EA-48F2-C875-1BBB-8B7FA3E30FA1
	Random F6:40:A9:D3:9B:F3	889AD16B-7BF0-7DDE-9C51-721BE72A9B0C
	Random C6:FA:B0:7E:C6:1D	910A3EA9-86C4-6B97-E566-4E456B338747
	Random FA:8B:17:EE:19:41	9EF5A305-1327-F3AA-D38A-06A2C460EC62
	Random F8:D1:15:F9:2A:E3	BAACCCB9-47AC-0D18-1613-1FA19883D724
	Random C2:4B:75:50:D7:5D	C34EE285-3C23-C2C5-9CBA-DC64D42D063B
	Random FE:E9:2F:6D:CF:61	C95507D5-CA39-7CD5-2B37-6E89B6FE20C6
	Random C0:53:22:DC:52:F9	F23A56BE-7168-8597-94BD-AC407F308C3E
	Random CB:99:EC:A2:96:BB	017532D3-7BF4-67E0-4743-CA2409B54505
	Random E2:A8:D1:6D:F8:F3	254A9FE2-1D2B-A27C-B8D3-0546F83B1C25
	Random F2:AE:33:C1:12:AC	3F5C0AE2-A481-E9E1-3E4D-EE1D40B27281
	Random DC:CE:3E:D0:17:05	048CBCE7-7AA7-68E2-3E6B-A45BA12217D3
	Random F7:AB:2D:13:13:CF	0D8E7A3D-5218-279E-F148-93D84C24FF46
	Random F4:48:35:6B:F5:BC	1A7A7876-69B1-0952-C1EE-F5008CA48C9C
	Random ED:9F:73:4F:12:BC	29F6A842-2B02-5C25-0DCD-3B3FC89133E4
	Random D7:22:E9:7A:AB:A8	41E44331-EBE2-5F37-9EC8-EF17921D4C12
	Random C6:FD:A1:3B:25:59	4E498C3A-A17F-9872-C1C8-05494478A5AA
	Random F6:32:20:2F:F9:4F	4EF5DC4B-CF76-1477-642B-D52501C04AAE
	Random EC:D5:CF:DE:F2:FF	8F3C1520-2672-61B7-4154-E2B925809749
	Random E7:B6:C3:44:E5:66	9AB01DCC-6FC3-6A8C-2DB3-C8FD211CAB4D
	Random D9:36:6D:41:09:BA	E639200E-9B7D-DC98-F438-F10E40CCCA96
	Random F8:87:B5:39:04:15	F9F8D547-DD5B-967F-8517-C8E5EB81D9C2
	Random CC:0A:A2:0C:DA:BC	57178D80-1405-2368-9DDC-9DCEF97B173B
	Random F3:1F:54:A9:E6:9B	D5E3F970-39B8-2523-0E9D-4AD344355891
	Random CB:27:6E:CF:A9:B4	04D8EC5A-9DA8-28B3-1D23-3098908202DB
	Random DB:42:9E:42:05:CA	1DD8D9B3-E65B-CE06-4358-EA909B949293
	Random FB:83:6E:51:8B:02	2F336BA5-ACC9-AF3C-BEA3-BBB64CD67218
	Random D0:7D:7F:61:E0:73	4DDA861C-CB96-4DF2-E014-C6206700916F
	Random F9:20:5F:E3:04:F2	54E29822-A088-64BA-EA84-200577AE2E50
	Random C8:E7:95:A6:49:47	96CF1A53-07E4-9D09-4A27-24D5EB9A6951
	Random CA:24:B6:3F:75:B7	9FCEC40D-D56C-7CE2-C468-0FF4041E54C6
	Random D1:63:3D:4A:19:04	A17EB067-32E1-90A2-C7E2-591365273855
	Random FB:B3:E4:E6:40:39	A5AC7E24-77F3-BA09-8431-6500625CBC4C
	Random C3:D2:CC:19:F0:7B	A7D64BA2-1A93-9B95-99FF-579724EE8E83
	Random D5:CE:9F:F7:60:90	B53A699C-7A74-D237-AC93-DB5568058ED1
	Random C0:F1:68:DF:67:6B	B82D765C-A825-62D9-0F77-E158682F9F94
	Random E3:7D:7C:D1:A4:D7	CF3224E9-A7CC-A831-1323-387B06EEE347
	Random FC:0D:EF:5B:D9:93	DA364E29-E128-751B-83B9-D5D323AF6D38
	Random C9:18:17:58:8A:53	F264208C-9217-2B41-CE45-71D9CB3564A7
	Random EE:5C:5F:2C:BD:32	2483CD7E-C568-D50F-B28A-B362E8398AE8
	Random C2:50:8C:90:B1:A7	49ABEE28-4523-45A1-0760-78CD380EDB2E
	Random D7:12:06:E9:83:10	589C58CF-7B4D-F04A-73BD-8F24E88EBA65
	Random CB:E0:E8:16:7D:91	5EAB38C3-AF72-6E87-7FC7-C63736E96747
	Random C4:59:2D:08:1B:E1	AB11046E-B533-DF81-9C9B-8B1D86CECB25
	Random F7:B8:4A:E7:FE:DA	B1028553-F1FC-4C6E-AFD4-90E90B73FEB8
	Random E9:55:BC:CE:4D:A7	BCF9E603-A3DD-CE6E-6825-1F234ECA8AB8
	Random C8:B0:81:5D:62:36	BF618E90-889A-E824-D46B-58EC1C96FCDD
	Random F4:21:7E:87:55:41	D91F1737-4CBA-FAAF-1EA2-E4E42BBE5F67
	Random FD:64:94:61:0F:25	86349C7D-92D4-E434-347D-58889A3C4AE4
	Random DC:FD:DA:83:3B:5C	C703BC9B-A3BA-8A62-D2BB-FF26DC15EB3A
	Random F8:66:3C:00:EF:10	DD3DBFEF-3DBA-10BD-FF1E-419306B905F8
	Random E7:4B:FD:5B:FA:CA	876A48EB-A4D0-3B85-2733-4B6FB2B68A96
	Random EE:88:15:98:A4:38	941B66D4-0AAC-EF3F-67F0-62F344D00659
	Random C3:0B:66:B9:CB:11	1791EBB0-054A-34EE-6312-D1AD674D2BDB
	Random E0:EB:C5:02:C8:9A	779EE286-BE89-23E9-44B0-4737976AE0ED
	Random CC:19:50:50:D9:93	87E533E1-5C04-816F-00F4-6658E2941F0D
	Random F2:B1:73:07:0F:FE	4D509367-7356-7BC7-B560-4E99A749BDBE
	Random D8:88:A2:56:D6:47	77784A4C-D1F3-D075-ABE2-BA176DFC3B2E
	Random D1:00:26:2C:C4:38	E709A282-1DC9-AA6B-FFDB-C1EF7151174E
	Random F6:ED:67:2C:55:B0	FBDF531A-CF37-BF96-433A-5610B9B2BC39
	Random F7:9F:D1:91:7C:F8	01FEDA68-DD81-E096-2666-AD59A337CCAE
	Random C5:86:87:25:27:A0	3FB65CE0-D83D-9470-0CC8-C0EDA9786992
	Random E0:37:71:91:54:48	70A93979-0296-7110-C2E9-389BDF33F5A7
	Random C1:15:63:5D:E8:3D	720BD8E0-176C-4416-5B39-1949FE85F47E
	Random DC:0B:D7:49:3F:6E	85A14BEA-4990-B896-E84C-E200066BB460
	Random D6:2F:F7:4E:B0:30	8CCD1A91-A565-FDAE-873B-44CEBCFD270C
	Random E0:DC:5F:EC:90:9B	90FFB8BD-8A70-B802-156F-9A0708CB238F
	Random F2:E0:69:A0:0D:5F	989B5948-3EBD-E23C-CD41-DDB8DBA984F7
	Random CF:60:92:09:9B:AA	AA27287F-2CEB-33CA-B916-1357E05DF9BA
	Random C0:4B:B1:89:45:5D	E19D314E-DBB9-B360-4594-D817A546B69E
	Random E0:AC:14:55:C8:DE	F9A12750-B725-FF32-4FD2-4DB5414366A9
	Random F0:AB:E9:64:30:B1	1B46E5E9-50E3-4E7D-D036-2810D44C61E6
	Random DD:E4:96:54:7C:9C	62F94963-CF1F-5C27-E0C6-3561CCAC1153
	Random DF:54:28:B6:84:57	65E00F0A-B721-1C00-1B1C-B63DCA037693
	Random DA:6A:F8:EF:D4:1C	6732AF3B-4756-2662-F98E-91D1F9B6B5AD
	Random EC:C0:8A:3F:C8:54	6B6DEA81-C4A5-E9BE-3209-55B1000CE62A
	Random E2:CE:12:2F:C5:B5	7FED031C-43E4-90D5-E2E1-B5FBB137140D
	Random E7:62:23:9B:BB:37	8B2D70C2-2FBA-1AFF-7B3B-0EDD3663E98C
	Random FE:FB:A3:65:67:42	A5616F88-3FBD-672B-EBE8-DF7C94693ED6
	Random D7:C1:64:32:87:DA	B323802D-45E7-BAB3-F602-414FFEE78490
	Random C3:11:BE:20:F5:F5	C54A5CA3-2DA6-5A19-AAAB-6B168CF8A54C
	Random C7:C5:81:20:F4:E2	E0516B69-7E9B-8F57-AB4C-A606CFCD4CFA
	Random C8:B1:31:77:76:CF	F83AAD9B-76E5-DE11-223B-2B9CF46FE5B7
	Random F2:DB:EE:3A:BE:98	09A1B2DD-121D-850D-06F7-D33BC2B4AFA6
	Random FF:65:78:C0:48:52	0FA9D53E-B0C3-C059-0971-C3DA65D21B3E
	Random D2:52:4C:56:B2:BD	3D96D054-43E1-20FF-B69C-F4B78F35C2C5
	Random EA:C1:13:11:74:1D	468BABE9-59B1-08C1-EFE0-42AB05D82D3F
	Random E8:AD:E9:29:FA:7E	5F2E5F3D-2171-2111-B510-07987922C52F
	Random E9:BB:39:0F:3F:F7	8388A982-A825-33D6-7F22-D838E144147A
	Random FB:D7:3E:98:F5:59	A1E78095-E58B-4C23-BE57-57508003C186
	Random C8:EC:07:9D:CE:DD	B1E3E863-5D76-493C-D55E-747C815FC4EF
	Random DD:12:27:05:33:81	C09F9872-0C51-290F-D34A-5B7C9A818F4B
	Random EF:C1:49:E7:67:56	D603D03D-4434-ED9D-8E50-5EB2656C3EAE
	Random E1:0C:9A:8A:26:80	D9014369-95D5-7259-50D4-CD866DE4F3A1
	Random E4:C9:42:A3:0C:38	F3827543-415C-F880-7EFE-9DAD10E4A3EE
	Random CD:6A:0A:80:84:5B	0536D48A-E176-2CB0-10D5-BD17934146D6
	Random F5:A6:71:8F:72:66	34A47B73-3E5A-6742-0DD0-AC24DAA71263
	Random E6:2C:80:86:95:C2	64A68BC2-7A0A-8B36-2F9F-55FD807C51A9
	Random F6:F8:3A:9D:D5:AD	8673B4CF-83A4-B3DB-D81F-C3BD86E462FA
	Random D7:67:97:75:E0:C0	BA586FC7-5938-90E7-65EF-541003D7112C
	Random F5:2C:2A:95:CB:D5	CD2B3A81-55C6-C92F-E0F1-ED97C8637042
	Random EC:DE:85:AF:65:10	06A9EF04-C18C-3D54-FD11-873B98377520
	Random E4:8F:9F:F2:13:D9	2A69968D-DA25-D54A-4E4F-BA6C0DAC9888
	Random CF:2E:60:D1:88:AC	87CBD96D-D23E-45C7-EF06-82B58967E2DE
	Random DB:BE:93:68:E8:6B	A0E6BB6C-3455-12BA-2D2C-983F8FF2045F
	Random C1:29:20:33:26:29	DC971125-09ED-F60D-63C4-581B8853D85F
	Random FB:E1:5A:7D:41:B9	681EA504-1B25-E1CD-E1A3-0D237A0DD9C7
	Random C2:CD:AD:89:5C:42	8188CE45-46D0-0AF1-E80B-9A33F817E35E
	Random F6:27:71:68:80:81	87971F3C-E17D-D403-FC5E-46E0577CF04D
	Random FF:0E:7B:3B:0E:07	C69EB08F-813E-D72D-795C-A84775C7FA3A
	Random F7:41:74:98:19:56	D09ECF79-203F-D4D9-297A-6CA7837A7EAE
	Random C9:F7:58:33:9A:CA	2710E082-3369-7467-A465-C0952D78C274
	Random CC:81:68:ED:E2:CC	48713FA9-69CB-1FF7-BA28-8FCB83646418
	Random E9:56:73:FF:01:51	82C69145-B108-5C4B-0A92-91C9309195E4
	Random D6:24:14:A9:FD:7D	87F81026-8716-78C2-95BF-9B1E4FD18034
	Random C1:20:21:3B:17:0B	8FE99A13-3BAA-1695-9EBF-BF67F9AE3755
	Random C9:96:8A:21:C7:AF	9BAB0A3C-97A7-1115-860B-3F3D4E019640
	Random DC:1C:DB:FF:68:A4	A531CC40-F18F-066A-CA35-A2F5E271BC54
	Random CD:54:A9:3B:93:F8	BCD23516-B3B0-D430-75CC-490AE683C071
	Random C6:34:9D:66:4A:97	C3E7F751-817E-03AE-9207-34E99A207ADF
	Random E4:B6:11:E4:E6:82	C4D54BF4-673C-FEFF-8298-C1C28A80C42F
	Random FC:86:B6:AA:58:FC	D14075FC-054A-4D21-F38F-D5764FB7CD55
	Random DA:BE:05:6E:21:98	D2B19BE8-952D-462E-DC09-0466007E318D
	Random D4:79:D3:0A:73:7E	E2115CB4-C746-7036-D94A-0D1FAF4DC056
	Random DC:FE:01:35:17:AA	F51B9F6E-E9F9-DA24-FF85-D41EF3CE0A7D
	Random E5:35:72:FD:E3:62	F71BC85D-75AB-3969-CEEE-6C2EDA187CD6
	Random CC:72:5F:3A:88:04	A6DE36A0-3EA2-A661-F6BB-9381860CA051
	Random F2:D1:7A:A7:D7:F2	01B6729D-D829-E1BC-1B8D-40B6353491C6
	Random FA:19:E5:BB:3C:24	0DBA6612-CCCC-A38A-BD57-B156F6145DDC
	Random FC:48:6E:1E:21:63	14A4A1E8-2945-74DF-BFD9-3EC9D3A7C571
	Random D1:A1:45:44:D1:C6	1B1663CB-51B8-E4CB-09D0-E7CE29DA754F
	Random D6:E2:55:C3:62:31	275EE8F3-0B5F-E627-F41E-659D3232D65E
	Random EA:8C:0D:91:DD:37	2E84349D-745C-A5DC-CD35-EF1D6BB32E42
	Random D3:F3:46:A6:9E:48	36BCA676-1F37-C132-2B30-B163B39CE202
	Random DC:D8:9B:4A:7F:F7	404109A0-21DC-BB4B-5800-5625D5E78913
	Random D7:EB:62:72:DD:B5	745A87EC-251A-F3C7-7E51-26426CCE91A4
	Random CE:EF:BC:6D:EE:D4	7C2CA524-75D7-9F0C-2426-FF0597FE560E
	Random DD:92:9B:40:FD:14	7E4F39D8-BC44-EA51-F5AF-83356ED7F6AB
	Random E8:54:D1:62:3E:B1	8CAEDC6F-7ECA-A82E-0DAD-BE135B92FABF
	Random E6:4F:5F:BD:A9:F7	9886FB97-B5EB-62C7-6E40-378ED0F4151C
	Random C3:7E:9B:47:F4:D4	A380B8E7-743D-96E4-72FC-8D07EB59315D
	Random D5:32:A4:07:F1:C9	B06B067A-5B69-16E6-F9B7-A18FD3DEA47E
	Random E5:95:FF:9F:C2:A0	B14E57F9-5EF8-7960-EB8C-092BA75EDEAE
	Random DC:92:03:AA:74:32	B425AA57-1136-D1F2-DCEE-E544D5D55368
	Random C1:76:A9:5B:10:01	BF5F51B9-6904-6C89-FB9A-A12EA33D52A8
	Random F7:27:17:B8:CA:0C	C17A8840-F950-FC8A-1600-E8F889C061BB
	Random CC:B7:4D:9B:84:4F	E1626295-DCFF-F918-C92B-FD9F5CC7C885
	Random FC:39:D2:57:15:07	EE687A27-9C82-DCD8-4CAB-89CB4B8B6E1F
	Random DA:59:19:5C:2A:EE	FA90D417-915A-97BE-4E52-2DB6E0F9B49E
	Random D0:44:80:89:A9:27	FB29327F-2462-CEC9-D52A-AEED8FB08935
	Public 34:FD:6A:0C:AA:D2	032D7038-2069-19A4-4437-68097B8F3406
	Random F6:12:5D:4C:7A:01	5B7486CE-0BB4-33A1-FAB4-4F8E56900E34
	Random F4:E9:0F:96:AA:1A	639A79ED-153A-2C9A-D3DF-002637CB1E09
	Random FD:4F:2D:CA:D2:CF	C1A4A84B-41C8-55E6-36D9-08F6DF22E94C
	Random E4:7C:4E:EB:BB:3E	BBCC0028-F9DA-7798-E608-FBE369EBBEB0
	Random C7:42:99:E4:B5:CC	26CC37FF-CE37-F8B9-307A-FB89E4F8095A
	Random D3:0E:75:35:BF:FA	59822912-CF71-B73F-8112-9E6F5DEF7741
	Random CA:DA:12:4D:DE:51	E3586EE8-501E-7DB8-3B2C-F03994A5C091
	Random F6:70:5D:1E:80:37	D14F3A39-083C-32A4-7679-9FA73A319E37
	Random F2:9E:F0:24:C3:7C	0B64F0C0-9B7E-786E-DA95-76B4E8277320
	Random CF:4B:F9:19:46:1A	03197DD3-7CE0-2D3A-2DF1-D53663501CFB
	Random FC:F0:8E:B2:3C:84	20F51F38-DB22-3D86-4D2B-2F7BFBD76016
	Random FE:78:FF:82:81:45	7A6FFA0F-43A9-FE98-5EDB-4307EEAA937F
	Random C5:A2:9F:51:B3:8D	F0CA476A-31F6-A5D6-1076-82016BBA3B35
	Random D2:F6:F9:3B:7E:64	F5442825-4EFF-B179-99F7-444FFC56616D
	Random FA:4B:85:4A:15:FC	7F2DBC16-0CFD-0416-E8BB-FC4229656591
	Random D3:E9:82:E8:79:21	EE6AA10E-3FDF-8BD0-6ED0-D763B0D5E867
	Random F0:0C:A9:DC:E5:03	14FACCD7-D1E7-96AC-54E4-5FEF0D0014C7
	Random D0:21:1F:F2:0D:0A	4B267A82-8747-E67E-728A-B0C99FF095F8
	Random E1:0A:CE:D7:30:A7	87435DB9-1E93-63D3-BBF4-89F193E556B2
	Random DA:27:9D:3B:0D:FB	8DCCFE88-D533-BF9A-6C57-8BD0F7699654
	Random C2:8B:C5:54:5A:64	AC140760-C502-D411-8534-6F66011C6669
	Random C2:61:44:32:57:19	2EA91427-460A-B43E-0DB9-19D7868EEA13
	Random EB:18:41:16:97:F8	AC4064E6-DEF7-18A8-A7F8-696DCB798D30
	Random EC:81:C4:32:8B:D7	710C4C33-B4F0-7FBF-ED13-80903C01CC86
	Random F3:3F:DD:A9:0A:1C	83D56065-5748-0CAE-7C9F-63AC0DFEC1E7
	Random CB:1D:4E:5E:F2:2F	9799EA64-E8C8-4AFF-6C16-4D80D24571A0
	Random FC:05:6A:81:30:E1	A3865897-5367-0C98-CB40-F08C6A7C3725
	Random CC:4D:69:99:BF:6C	A626804A-F67A-1163-E03F-27079E207715
	Random C8:83:B7:CD:D3:17	C9DE1296-C80B-25A6-0628-5104F6B98F9A
	Random CB:8F:4C:B3:74:91	CAAC23B9-4105-DD68-928B-0952C6369E10
	Random F5:EF:17:E1:99:2B	D996BD2C-C399-3284-3BBC-971945A9B99F
	Random CE:AD:77:83:01:EB	E1FC73B7-175C-531A-1586-240B15706EF8
	Random C0:D3:6A:2B:30:F7	1B21F316-7398-AF36-7976-C148E93BA463
	Random C2:C4:C1:03:53:42	4BB33238-8418-6822-77F6-0D80F76B85E1
	Random D0:EE:47:83:1C:2F	9412DB1B-FB43-D2ED-8A70-A68A40F0F133
	Random E1:93:5B:57:D0:39	C33091FA-5A54-ECF9-3252-26A7FAF1F003
	Random FD:F3:BE:E5:36:DD	D0949732-1604-7ADB-CF9C-1B00125DCDB0
	Random DA:57:73:DA:56:0A	E029EB5C-0109-B1B9-4E08-4C0332E1C57E
	Random D8:BA:47:44:6E:E6	1307D5CC-EA4D-A64E-EE70-C8AA3EE2A2DB
	Random CD:12:E9:DB:E0:DC	4034C417-1CF7-AFB0-A159-0FB942A02DC1
	Random E2:4A:87:8C:A3:54	50E0F343-3A92-B3D0-98D8-966964E04CCC
	Random EF:4B:3B:2B:6F:54	7FDDCBE7-D63A-611B-8402-C3E45B81C8AB
	Random DD:F9:DB:0B:B9:EA	C2B20641-5CED-F32C-3901-472E688C1CA7
	Random CE:0E:2C:86:BE:C6	CEB61E63-7792-42E6-CB63-FAE146BC5092
	Random E7:DC:09:E0:CF:F8	E62CE39C-5E0F-A207-ED4D-6B4B6BF66DAC
	Random F2:60:3B:50:B0:1A	30BAF7C6-571E-35D4-1A9A-D858BA11F04E
	Random E8:BB:B3:24:28:F9	5FBF0EEF-42FC-EB2D-6EF0-0440F2DC0316
	Random CF:25:99:A2:58:EB	7E807A71-72B8-BE29-DC81-AB4BFB2801C0
	Random E4:1E:AA:AF:9A:DA	97C3A5A1-10D3-E752-4563-4DB1523F3F34
	Random CB:BA:EA:B5:2D:B5	AD54BA20-97DE-E744-DD24-EBF0DEA43E2A
	Random FD:36:C3:36:75:07	0B99E5C7-FA7C-12A7-C058-C66E4A917D10
	Random F0:7E:7E:70:5B:BF	02B5B35F-0F0C-08D2-5C18-3321508FCBA1
	Random DE:54:28:2B:11:F5	07CD844A-A1FD-E0F4-3522-B686B160E702
	Random C4:12:24:D7:9C:19	214BEF3B-E097-9B7F-8C65-CF60647C6D4D
	Random FA:FC:42:64:B0:35	3E50EDA0-7640-31EF-BA55-5C93FF42E4E5
	Random E9:36:4D:C7:5B:8D	7F5B3FA8-F279-BF97-137D-3AEE5A893EE0
	Random E1:88:2E:29:9A:E9	8B187370-10BC-2A4A-B925-0F3C65E1E64F
	Random DD:A5:DE:AA:F8:EA	0850995F-3759-5EAC-6EBF-B78AC220DFA0
	Random E8:81:5C:F1:48:56	17360F75-8930-7EF2-D771-BCB6C1AD0785
	Random F6:A5:95:49:2B:7B	622E59E5-D585-EC40-D51A-DEBACA735E3A
	Random CC:48:82:D2:31:C1	0678FA38-40A5-717B-1F4A-68AC42C67A9C
	Random E9:37:A3:76:F8:7E	63CBB434-3AA7-B8DF-021F-D1C7CFEB8CD7
	Random D4:A1:92:2F:7C:4C	691CB94A-8D17-02CF-00A7-55E96A3E323B
	Random D3:DF:1A:55:FC:99	9FB52A5B-0C29-A135-4FA2-D28491CF4603
	Random E4:00:2F:16:C3:58	CA01400B-4C71-42FA-F865-8ABB8DAF44DD
	Random F7:CD:53:7A:A8:FE	ACCD8F78-F193-E365-D7F1-8DC9849C67D8
	Random CC:CC:FF:1E:49:31	BA39143B-6D43-272A-F958-5DBD43865FD1
	Random DC:69:FC:BE:5C:2D	CFF06F39-318C-DD4E-B29C-596AABB8F17F
	Random ED:80:22:36:08:8A	D6217E8E-EC3D-8B35-083A-6CC4EBF82865
	Random D7:B0:E1:9C:B1:C7	A979D2CF-6BE5-CA7B-5613-86481062B0C4
	Random F6:54:87:E7:1F:96	E82A237F-F123-7095-7FEA-09064AE48061
	Random F8:2B:26:55:4F:19	1DED79C1-6650-EBD6-474A-6C6C972C0BD3
	Random D5:22:30:48:65:5A	7813CA5D-8D7F-120D-A38C-0D08E8AB726D
	Random F0:07:19:D2:D3:42	873069D0-A778-87DB-6AD1-228333A7BE59
	Random F0:EF:F4:54:E0:81	922D6F91-FC44-0F24-2471-63AF0D1715F4
	Random CE:A1:82:79:FB:49	A403617D-8A0A-3E43-2E66-851EA92A7E5F
	Random C6:AD:33:22:1C:41	1B8CFE5D-C61C-E91E-C9C6-971F05BFC122
	Random D3:E9:0E:48:61:29	3211D387-9769-060B-7C89-EA2AE9089576
	Random EC:C9:6C:08:12:B0	8B153C8D-8080-6FC5-B0BC-20DBE40B76CE
	Random CC:EE:20:91:27:E3	A490A972-E564-F402-EE90-BBFC4F93AC23
	Random EB:ED:D6:10:A7:90	DC1072DA-224A-D3B7-1362-185556B624E3
	Random FA:20:6C:17:67:F2	EAAFCE6D-A09A-799B-35DF-97B7617C48F6
	Random DF:01:1F:16:E8:AC	F9C465D2-5197-789C-675E-989DF41A8B83
